CHROM,POS,FLANKING,TYPE,GENE,REF,ALT,C10.9M3,C11.9M41,C12.9U1,C13.9U2,C14.9U3,C15.9U4s,C4.9L1,C5.9L2,C6.9L3,C7.9L4,C8.9M1,C9.9M2
Supercontig_1.1,612851,GCAGTCGAGTGGTCTGTGAT,missense_variant,CLUG_00313,T,[C],C/,T/,T/,T/,T/,T/,T/,T/,T/,T/,T/,T/
Supercontig_1.1,889724,CATACTTAATCCTTTTTCGC,missense_variant,CLUG_00443,T,[A],A/,T/,T/,T/,T/,T/,T/,T/,T/,T/,T/,T/
Supercontig_1.2,884728,GAACAGCAACTGGAAGAAAA,synonymous_variant,CLUG_01658,C,[T],T/,C/,C/,C/,C/,C/,C/,C/,C/,C/,C/,C/
Supercontig_1.2,1401042,AGAGAAGTGATGTTCTGGTC,missense_variant,CLUG_01910,A,[C],C/,A/,A/,A/,A/,A/,A/,A/,A/,A/,A/,A/
Supercontig_1.2,1639046,CATTTTTGACTATGAATGGT,intergenic,CLUG_02022,C,[A],A/,C/,C/,C/,C/,C/,C/,C/,C/,C/,C/,C/
Supercontig_1.2,1714500,CAGAATTGTCAGAATTGCAG,intergenic,CLUG_02055,C,[A],A/,C/,C/,C/,C/,C/,C/,C/,C/,C/,C/,C/
Supercontig_1.2,1877290,TTATTTGGCGAGCAACTGAT,intergenic,CLUG_02141,G,[T],T/,G/,G/,G/,G/,G/,G/,G/,G/,G/,G/,G/
Supercontig_1.3,199462,AATTTTCCAATTTTCGAGCT,intergenic,CLUG_02394,A,[T],T/,A/,A/,A/,A/,A/,A/,A/,A/,A/,A/,A/
Supercontig_1.3,568404,CTTCCATACGCTTAACCCAT,missense_variant,CLUG_02597,G,[T],T/,G/,G/,G/,G/,G/,G/,G/,G/,G/,G/,G/
Supercontig_1.3,968575,AATTTTGTAAATCTATCCAT,intergenic,CLUG_02773,A,[T],A/,T/,T/,T/,T/,T/,T/,T/,T/,T/,T/,T/
Supercontig_1.3,1349105,ATGGTGTCGATGTCGCGGGC,missense_variant,CLUG_02960,A,[C],C/,A/,A/,A/,A/,A/,A/,A/,A/,A/,A/,A/
Supercontig_1.3,1407709,CTCCAACCACGTCTACTAAG,missense_variant,CLUG_02988,C,[T],T/,C/,C/,C/,C/,C/,C/,C/,C/,C/,C/,C/
Supercontig_1.3,1496957,ATGACTTGGAGCAAACCCAG,intergenic,CLUG_03027,A,[C],C/,A/,A/,A/,A/,A/,A/,A/,A/,A/,A/,A/
Supercontig_1.3,1497117,TCCAATAGCTTATATATTAC,intergenic,CLUG_03027,T,[A],T/,A/,A/,A/,A/,A/,A/,A/,A/,A/,A/,A/
Supercontig_1.6,272351,TTGGTAATCAGAATTAAGCT,intergenic,CLUG_04964,A,[T],T/,A/,A/,A/,A/,A/,A/,A/,A/,A/,A/,A/
Supercontig_1.6,539996,ACTCGATGTGGTGAGATGCC,intergenic,CLUG_05096,G,[A],A/,G/,G/,G/,G/,G/,G/,G/,G/,G/,G/,G/
Supercontig_1.7,548266,CTTGCGCCCGAAGAGAGCGC,missense_variant,CLUG_05500,G,[A],A/,G/,G/,G/,G/,G/,G/,G/,G/,G/,G/,G/
Supercontig_1.1,1204709,TGGCAGTCGATTTGTTGACT,intergenic,CLUG_00595,A,[C],C/,A/,A/,A/,A/,A/,A/,A/,C/,A/,A/,A/
Supercontig_1.2,2160684,TATGAAGGCCGAAACGACAG,intergenic,CLUG_02267,C,[A],A/,C/,C/,C/,C/,C/,C/,C/,C/,A/,C/,C/
Supercontig_1.3,6522,CCTACGGAGCTATCTCCCGA,intergenic,CLUG_02301,C,[T],T/,C/,C/,C/,C/,C/,C/,C/,C/,C/,C/,T/
Supercontig_1.4,166601,TGGATCTCGAGGCCGCGGCG,missense_variant,CLUG_03274,A,[C],C/,A/,A/,C/,A/,A/,A/,A/,A/,A/,A/,A/
Supercontig_1.5,11423,TTAGCCGAAAGAGGAAGGCC,missense_variant,CLUG_04108,A,[C],C/,A/,A/,A/,C/,A/,A/,A/,A/,A/,A/,A/
Supercontig_1.5,680712,CATCCGAACACTTTCGGAAT,intergenic,CLUG_04427,A,[T],T/,A/,A/,A/,A/,A/,A/,A/,A/,A/,T/,A/
Supercontig_1.6,353433,CGACTACAATCGTTGCAACT,intergenic,CLUG_04999,T,[C],C/,T/,T/,T/,T/,C/,T/,T/,T/,T/,T/,T/
Supercontig_1.1,50063,ATGCTTTCGATAATGTCGAA,stop_gained,CLUG_00028,A,[C],C/,A/,A/,A/,A/,A/,A/,C/,A/,A/,C/,A/
Supercontig_1.1,806714,ATTGGGGAAGAAACCCGTGC,intergenic,CLUG_00405,G,[A],A/,G/,G/,G/,G/,G/,G/,A/,G/,G/,A/,G/
Supercontig_1.1,1276788,CGTTTCGGCGTGGGAGGGCA,missense_variant,CLUG_00640,G,[T],T/,G/,G/,G/,G/,G/,G/,T/,G/,G/,T/,G/
Supercontig_1.2,280022,CAACCGCAGGGATACGTGGA,stop_gained,CLUG_01345,G,[T],T/,G/,G/,G/,G/,G/,G/,T/,G/,G/,T/,G/
Supercontig_1.2,691871,TCAGCAGATGAATGAAGCTA,intergenic,CLUG_01554,G,[T],T/,G/,G/,G/,G/,G/,G/,T/,G/,G/,T/,G/
Supercontig_1.2,885496,GCGCAAGAAGTACGATGAGA,synonymous_variant,CLUG_01658,G,[A],A/,G/,G/,G/,G/,G/,G/,A/,G/,G/,A/,G/
Supercontig_1.2,1176317,CGTGGCTTTTTCAGTAGGAG,missense_variant,CLUG_01810,T,[G],G/,T/,T/,T/,T/,T/,T/,G/,T/,T/,G/,T/
Supercontig_1.2,1315465,AGGAGCCCGAGGAGACTAAG,missense_variant,CLUG_01869,A,[G],G/,A/,A/,A/,A/,A/,A/,G/,A/,A/,G/,A/
Supercontig_1.2,1343476,CCGCACTGTTATCATTTTTA,missense_variant,CLUG_01882,T,[G],G/,T/,T/,T/,T/,T/,T/,G/,T/,T/,G/,T/
Supercontig_1.2,2036103,AAGAATAAGCGAAGTGTAAA,synonymous_variant,CLUG_02218,C,[T],T/,C/,C/,C/,C/,C/,C/,T/,C/,C/,T/,C/
Supercontig_1.3,6929,TAGATTTTTGAAAAGTCGAC,intergenic,CLUG_02301,G,[A],A/,G/,G/,G/,G/,G/,A/,G/,G/,G/,G/,A/
Supercontig_1.3,15897,TAGATTTTTGAAAAGTCGAC,intergenic,CLUG_02301,G,[A],A/,G/,G/,G/,G/,G/,A/,G/,G/,G/,G/,A/
Supercontig_1.3,15975,AGTCCAAACGGTCGAAACCA,intergenic,CLUG_02302,G,[A],A/,G/,G/,G/,G/,G/,A/,G/,G/,G/,G/,A/
Supercontig_1.3,16004,CCCCCTCCAGGAAGTTTCTC,intergenic,CLUG_02302,G,[A],A/,G/,G/,G/,G/,G/,A/,G/,G/,G/,G/,A/
Supercontig_1.3,16017,GTTTCTCCCTCATACGGGCA,intergenic,CLUG_02302,T,[C],C/,T/,T/,T/,T/,T/,C/,T/,T/,T/,T/,C/
Supercontig_1.3,15914,GACGGGAAGTGGGAGAAAAA,intergenic,CLUG_02302,T,[G],G/,T/,T/,T/,T/,T/,G/,T/,T/,T/,T/,G/
Supercontig_1.3,15915,ACGGGAAGTGGGAGAAAAAA,intergenic,CLUG_02302,G,[T],T/,G/,G/,G/,G/,G/,T/,G/,G/,G/,G/,T/
Supercontig_1.3,345897,GTTGCTACTGTTCGTGCTTT,missense_variant,CLUG_02470,G,[T],T/,G/,G/,G/,G/,G/,G/,T/,G/,G/,T/,G/
Supercontig_1.3,345898,TTGCTACTGTTCGTGCTTTG,missense_variant,CLUG_02470,T,[C],C/,T/,T/,T/,T/,T/,T/,C/,T/,T/,C/,T/
Supercontig_1.3,773737,ATTGGATCAGTAAATCTTCG,intergenic,CLUG_02692,G,[T],T/,G/,G/,G/,G/,G/,G/,T/,G/,G/,T/,G/
Supercontig_1.4,583318,AATTTGTTTTGCTTTTCCAC,missense_variant,CLUG_03479,T,[A],A/,T/,T/,T/,T/,T/,T/,A/,T/,T/,A/,T/
Supercontig_1.5,256743,ATATCAGATGGTCAATGTAA,intergenic,CLUG_04223,G,[A],A/,G/,G/,G/,G/,G/,G/,A/,G/,G/,A/,G/
Supercontig_1.5,349114,TGCCACAAGCCAGTTATAAT,intergenic,CLUG_04271,C,[T],T/,C/,C/,C/,C/,C/,C/,T/,C/,C/,T/,C/
Supercontig_1.6,197239,AATATTTCGTCAGTTCATAA,intergenic,CLUG_04918,T,[A],A/,T/,T/,T/,A/,A/,T/,T/,T/,T/,T/,T/
Supercontig_1.6,346032,TGCTCCAGAAGGCACAACTT,intergenic,CLUG_04994,A,[C],C/,A/,A/,C/,A/,C/,A/,A/,A/,A/,A/,A/
Supercontig_1.7,687272,GCTCGATGGGTTTGCTCACA,intergenic,CLUG_05557,G,[T],T/,G/,G/,G/,G/,G/,G/,T/,G/,G/,T/,G/
Supercontig_1.8,669369,TGCGCATCTCGAATTATTGC,intergenic,CLUG_05909,C,[A],A/,C/,C/,C/,C/,C/,C/,A/,C/,C/,A/,C/
Supercontig_1.1,57540,ATACCCTCCCAGCATGCGCT,stop_gained,CLUG_00032,C,[T],T/,C/,C/,C/,C/,C/,T/,T/,C/,C/,T/,C/
Supercontig_1.1,427039,AAATACAAGCTGAACCCTGG,missense_variant,CLUG_00211,C,[T],T/,C/,C/,C/,C/,C/,T/,T/,C/,C/,T/,C/
Supercontig_1.1,737945,TGGTATATTGGCCGACGAAA,synonymous_variant,CLUG_00373,G,[A],A/,G/,G/,G/,G/,G/,A/,A/,G/,G/,A/,G/
Supercontig_1.1,2024393,ATATGCCATCTCCGGTGGTC,intergenic,CLUG_00998,C,[A],A/,C/,C/,C/,C/,C/,A/,A/,C/,C/,A/,C/
Supercontig_1.1,2358857,TTTGAAATCACGTTGTTGGT,synonymous_variant,CLUG_01178,A,[G],G/,A/,A/,A/,A/,A/,G/,G/,A/,A/,G/,A/
Supercontig_1.1,2400345,ACGTTGAAAGGTAATTACGC,intergenic,CLUG_01197,G,[A],A/,G/,G/,G/,G/,G/,A/,A/,G/,G/,A/,G/
Supercontig_1.2,186244,CCTCAAAATCCGCAGCCTGT,missense_variant,CLUG_01305,C,[A],A/,C/,C/,C/,C/,C/,A/,A/,C/,C/,A/,C/
Supercontig_1.2,309185,TCTTTTGGGCCTGGTCCAGG,synonymous_variant,CLUG_01362,C,[A],A/,C/,C/,C/,C/,C/,A/,A/,C/,C/,A/,C/
Supercontig_1.2,1145293,TGGCAGACTGCCTTATAACA,missense_variant,CLUG_01798,G,[A],A/,G/,G/,G/,G/,G/,A/,A/,G/,G/,A/,G/
Supercontig_1.2,1558374,TCGGACCGGGCGAGCGCGCC,missense_variant,CLUG_01987,G,[C],C/,G/,G/,G/,G/,G/,C/,C/,G/,G/,C/,G/
Supercontig_1.2,1806825,AACACACTCAATTTGTACAG,intergenic,CLUG_02102,A,[C],C/,A/,A/,A/,A/,A/,C/,C/,A/,A/,C/,A/
Supercontig_1.3,503423,TGAGGAGGCACTTGATGCGG,missense_variant,CLUG_02565,A,[C],C/,A/,A/,A/,A/,A/,C/,C/,A/,A/,C/,A/
Supercontig_1.3,1091347,CTCTGTCAACAAGAAAATTG,missense_variant,CLUG_02833,C,[G],G/,C/,C/,C/,C/,C/,G/,G/,C/,C/,G/,C/
Supercontig_1.3,1855302,GAGACAAGTCGTTTTACGCG,missense_variant,CLUG_03191,C,[A],A/,C/,C/,C/,C/,C/,A/,A/,C/,C/,A/,C/
Supercontig_1.4,267597,TAGATCGGACGAGTCAGAGA,missense_variant,CLUG_03319,C,[T],T/,C/,C/,C/,C/,C/,T/,T/,C/,C/,T/,C/
Supercontig_1.4,624718,CGATTGACGTTTGAGCGTCT,missense_variant,CLUG_03501,T,[C],C/,T/,T/,T/,T/,T/,C/,C/,T/,T/,C/,T/
Supercontig_1.4,861372,TGGAGGGCGTCAACAAAACT,missense_variant,CLUG_03633,T,[G],G/,T/,T/,T/,T/,T/,G/,G/,T/,T/,G/,T/
Supercontig_1.4,883687,AATTGAAAAATATCCACGAA,stop_gained,CLUG_03646,A,[T],T/,A/,A/,A/,A/,A/,T/,T/,A/,A/,T/,A/
Supercontig_1.4,1388306,GAAATAACAAGTTATCATTT,missense_variant,CLUG_03911,A,[T],T/,A/,A/,A/,A/,A/,T/,T/,A/,A/,T/,A/
Supercontig_1.4,1408386,CTTTACCACCGCGGCCTTCA,missense_variant,CLUG_03922,C,[G],G/,C/,C/,C/,C/,C/,G/,G/,C/,C/,G/,C/
Supercontig_1.4,1748666,CCTTTTGGAGGGAAATCCGG,synonymous_variant,CLUG_04083,G,[A],A/,G/,G/,G/,G/,G/,A/,A/,G/,G/,A/,G/
Supercontig_1.5,551601,GACACTTTCGACCCGTTGGC,missense_variant,CLUG_04363,G,[A],A/,G/,G/,G/,G/,G/,A/,A/,G/,G/,A/,G/
Supercontig_1.6,486544,CTGCTAAGCCTACGGGCCAC,intergenic,CLUG_05064,C,[G],G/,C/,C/,C/,C/,C/,G/,G/,C/,C/,G/,C/
Supercontig_1.6,645770,GTCGGCTCTCACCATCCAAT,synonymous_variant,CLUG_05147,C,[T],T/,C/,C/,C/,C/,C/,T/,T/,C/,C/,T/,C/
Supercontig_1.7,87718,CCTTCTGTGTTCTATCTGTA,intergenic,CLUG_05273,T,[A],T/,A/,A/,A/,A/,T/,A/,T/,A/,A/,T/,A/
Supercontig_1.8,452811,AGCACAAGCACTCTTCTTTC,missense_variant,CLUG_05799,A,[T],T/,A/,A/,A/,A/,A/,T/,T/,A/,A/,T/,A/
Supercontig_1.2,1850948,GTTTGTCAATAAGCCGAACG,intergenic,CLUG_02124,T,[C],C/,T/,T/,T/,C/,T/,T/,T/,T/,C/,C/,C/
Supercontig_1.8,305320,TCATAAATAAACAAGAAAAG,intergenic,CLUG_05728,A,[G],G/,G/,G/,A/,A/,G/,A/,A/,A/,A/,G/,A/
Supercontig_1.3,1268881,AGATAGATCTGGGTCGGTTG,intergenic,CLUG_02918,T,[A],A/,A/,T/,A/,T/,T/,T/,A/,A/,A/,T/,T/
Supercontig_1.3,1864076,TTCGCCCGATTGTATTGCCT,missense_variant,CLUG_03194,T,[A],A/,T/,T/,T/,T/,T/,A/,A/,T/,A/,A/,A/
Supercontig_1.3,1864377,TTTATGATCCCAGCACGACC,intergenic,CLUG_03194,C,[T],C/,C/,T/,T/,T/,T/,C/,C/,T/,C/,T/,C/
Supercontig_1.4,17772,GGCCAGATAGACCAGAATAG,synonymous_variant,CLUG_03204,G,[A],A/,G/,G/,A/,G/,G/,G/,G/,A/,A/,A/,A/
Supercontig_1.3,1863142,GAAGTTCACCTTGATCCCTT,intergenic,CLUG_03193,C,[A],C/,C/,A/,C/,C/,A/,C/,C/,A/,A/,C/,A/
Supercontig_1.4,336234,CAAGTTTGACTAGGCGAATC,intergenic,CLUG_03354,C,[G],C/,G/,G/,C/,G/,C/,C/,G/,C/,G/,C/,C/
Supercontig_1.4,336250,AATCCAAGTGTCCACAGATT,intergenic,CLUG_03354,G,[T],G/,T/,T/,G/,T/,G/,G/,T/,G/,T/,G/,G/
Supercontig_1.6,793888,TGATGCAAGCACTGGCTTTT,synonymous_variant,CLUG_05230,C,[T],C/,C/,T/,C/,C/,T/,C/,C/,C/,T/,T/,T/
Supercontig_1.7,592658,TGGATAGCTGCAATGATAGC,intergenic,CLUG_05515,G,[T],G/,T/,G/,G/,T/,T/,G/,T/,G/,G/,T/,G/
Supercontig_1.1,58039,GCCTGGTATCGCACAATTTG,stop_gained,CLUG_00032,C,[A],C/,C/,A/,A/,A/,A/,C/,C/,C/,C/,C/,C/
Supercontig_1.1,102727,GGCAAATACGCCTCGGCGCA,missense_variant,CLUG_00053,G,[A],G/,G/,A/,A/,A/,A/,G/,G/,G/,G/,G/,G/
Supercontig_1.1,380576,TCATTTTCTGGATAAGCTGC,stop_gained,CLUG_00193,G,[A],G/,G/,A/,A/,A/,A/,G/,G/,G/,G/,G/,G/
Supercontig_1.1,753034,TATACATTTTCTGGTACATG,intergenic,CLUG_00379,T,[G],T/,T/,G/,G/,G/,G/,T/,T/,T/,T/,T/,T/
Supercontig_1.1,1029877,TTGTGGCACCACAGTGTATG,intergenic,CLUG_00505,C,[G],C/,C/,G/,G/,G/,G/,C/,C/,C/,C/,C/,C/
Supercontig_1.1,1176448,TCTCTTTTCTCTTTTCTCTT,intergenic,CLUG_00578,T,[A],A/,T/,A/,A/,A/,A/,T/,A/,T/,A/,T/,A/
Supercontig_1.1,1427146,AAAGTTTAGTATCGAAACCC,missense_variant,CLUG_00710,T,[C],T/,C/,T/,T/,T/,T/,T/,T/,C/,C/,T/,C/
Supercontig_1.1,1540493,GGACAAGAAAGACAAGAAGG,synonymous_variant,CLUG_00761,A,[G],A/,A/,G/,G/,G/,G/,A/,A/,A/,A/,A/,A/
Supercontig_1.1,1540487,GAAGAAGGACAAGAAAGACA,missense_variant,CLUG_00761,C,[G],C/,C/,G/,G/,G/,G/,C/,C/,C/,C/,C/,C/
Supercontig_1.1,1540502,AGACAAGAAGGAGAAGAAGG,synonymous_variant,CLUG_00761,G,[A],G/,G/,A/,A/,A/,A/,G/,G/,G/,G/,G/,G/
Supercontig_1.1,1540505,CAAGAAGGAGAAGAAGGAGA,missense_variant,CLUG_00761,G,[C],G/,G/,C/,C/,C/,C/,G/,G/,G/,G/,G/,G/
Supercontig_1.1,1802027,AGCAGCAGAATCATGTCCTT,missense_variant,CLUG_00883,A,[T],A/,T/,A/,A/,A/,A/,A/,A/,T/,T/,A/,T/
Supercontig_1.1,2266649,ATCACCGTGAAGGTGATCGG,missense_variant,CLUG_01123,A,[C],A/,A/,C/,C/,C/,C/,A/,A/,A/,A/,A/,A/
Supercontig_1.1,2361405,TCGTAGAAATTATATTACTT,intergenic,CLUG_01178,T,[C],T/,C/,T/,T/,T/,T/,T/,T/,C/,C/,T/,C/
Supercontig_1.2,15494,TCTTTCTTTGTGGATCAACG,synonymous_variant,CLUG_01216,G,[A],G/,G/,A/,A/,A/,A/,G/,G/,G/,G/,G/,G/
Supercontig_1.2,212395,CCATCTAAAAGAAACTCAAA,missense_variant,CLUG_01319,A,[G],G/,G/,A/,A/,A/,A/,G/,G/,G/,G/,G/,G/
Supercontig_1.2,284841,AAGTTCACTCGCTTCCAACT,missense_variant,CLUG_01349,C,[T],C/,C/,T/,T/,T/,T/,C/,C/,C/,C/,C/,C/
Supercontig_1.2,533645,TTTCGATACTACAAGTTGTT,intergenic,CLUG_01463,T,[C],T/,T/,C/,C/,C/,C/,T/,T/,T/,T/,T/,T/
Supercontig_1.2,608297,AGGTACAGTGTCATATGACG,synonymous_variant,CLUG_01505,G,[A],A/,A/,G/,G/,G/,G/,A/,A/,A/,A/,A/,A/
Supercontig_1.2,655581,CAGGGCTTTGGAAGCGATAC,synonymous_variant,CLUG_01534,G,[A],A/,A/,G/,G/,G/,G/,A/,A/,A/,A/,A/,A/
Supercontig_1.2,1000267,AATCACTCGCGGTTCTCCGT,synonymous_variant,CLUG_01723,C,[G],G/,G/,C/,C/,C/,C/,G/,G/,G/,G/,G/,G/
Supercontig_1.2,1198503,AGCTTGATGGACTCTTCGTA,missense_variant,CLUG_01820,G,[T],G/,G/,T/,T/,T/,T/,G/,G/,G/,G/,G/,G/
Supercontig_1.2,1258578,CAATTGCTACCAAGTGGATT,intergenic,CLUG_01844,C,[T],C/,C/,T/,T/,T/,T/,C/,C/,C/,C/,C/,C/
Supercontig_1.2,1635180,CCCTTCCGTTCTGATGACCC,intergenic,CLUG_02018,T,[G],T/,T/,G/,T/,T/,T/,T/,T/,T/,G/,G/,G/
Supercontig_1.2,1892092,GTCTATTTCTCTTCGAGCGA,missense_variant,CLUG_02148,T,[G],G/,G/,T/,T/,T/,T/,G/,G/,G/,G/,G/,G/
Supercontig_1.2,2095916,GTGGCATTTGTGGCCAAGTA,missense_variant,CLUG_02242,G,[T],T/,T/,G/,G/,G/,G/,T/,T/,T/,T/,T/,T/
Supercontig_1.3,426637,GCAGCAATTCCAGCTCCAGA,missense_variant,CLUG_02526,C,[A],A/,A/,C/,C/,C/,C/,A/,A/,A/,A/,A/,A/
Supercontig_1.3,770364,ATTGTAGGCAGGCGGCATTT,intergenic,CLUG_02692,A,[T],A/,A/,T/,T/,T/,T/,A/,A/,A/,A/,A/,A/
Supercontig_1.3,945857,TTCAGTGCCGGTTGCGGGGT,synonymous_variant,CLUG_02765,G,[A],G/,A/,G/,G/,G/,G/,G/,G/,A/,A/,G/,A/
Supercontig_1.3,944974,AGCAAGAAATGGAAGCTCGC,missense_variant,CLUG_02765,T,[C],T/,C/,T/,T/,T/,T/,T/,T/,C/,C/,T/,C/
Supercontig_1.3,984417,GGCCCTCTTGTGATCACCTT,synonymous_variant,CLUG_02782,G,[A],G/,G/,A/,A/,A/,A/,G/,G/,G/,G/,G/,G/
Supercontig_1.3,1677117,CACAAAGATCCTGTTCACCA,missense_variant,CLUG_03110,C,[G],C/,C/,G/,G/,G/,G/,C/,C/,C/,C/,C/,C/
Supercontig_1.4,90290,GAAAATCAATATAATCAAGG,intergenic,CLUG_03239,T,[A],T/,T/,T/,T/,A/,A/,T/,T/,A/,A/,T/,T/
Supercontig_1.4,210993,TTTCTTTCTTTGGGCGGGAT,missense_variant,CLUG_03293,T,[G],T/,T/,G/,G/,G/,G/,T/,T/,T/,T/,T/,T/
Supercontig_1.4,445111,TCTCAATCCGATAACACGTT,missense_variant,CLUG_03410,G,[C],C/,C/,G/,G/,G/,G/,C/,C/,C/,C/,C/,C/
Supercontig_1.4,625532,TGACGAGTCAAGATATCTGA,missense_variant,CLUG_03501,A,[C],C/,C/,A/,A/,A/,A/,C/,C/,C/,C/,C/,C/
Supercontig_1.4,817770,ACAGACCATCTTACTGATGT,missense_variant,CLUG_03607,C,[G],C/,C/,G/,G/,G/,G/,C/,C/,C/,C/,C/,C/
Supercontig_1.4,1381082,ATAGATACTTTGTAGTAATA,intergenic,CLUG_03907,T,[A],T/,T/,A/,A/,A/,A/,T/,T/,T/,T/,T/,T/
Supercontig_1.5,36035,CTGTCTTTGCGTACACTGGT,missense_variant,CLUG_04119,C,[T],T/,T/,C/,C/,C/,C/,T/,T/,T/,T/,T/,T/
Supercontig_1.5,207689,GGAAAGCTAGTGGGGATTGT,intergenic,CLUG_04200,G,[T],G/,G/,T/,T/,T/,T/,G/,G/,G/,G/,G/,G/
Supercontig_1.5,213415,ACCACAACGTTTGATCAATA,intergenic,CLUG_04204,T,[C],C/,T/,C/,C/,C/,C/,T/,C/,T/,C/,C/,T/
Supercontig_1.5,590554,AATCGTGGCCCCTTTGTGGA,synonymous_variant,CLUG_04390,C,[A],C/,C/,A/,A/,A/,A/,C/,C/,C/,C/,C/,C/
Supercontig_1.5,786238,CTGGAATTGGCGGCGGCGGG,missense_variant,CLUG_04481,G,[T],G/,G/,T/,T/,T/,T/,G/,G/,G/,G/,G/,G/
Supercontig_1.5,824117,ACTACCCGCGCCCAGTTTTG,intergenic,CLUG_04495,G,[A],G/,G/,A/,A/,A/,A/,G/,G/,G/,G/,G/,G/
Supercontig_1.5,1222705,AACAAACATGACCTTTTCAA,synonymous_variant,CLUG_04727,G,[T],T/,T/,G/,G/,G/,G/,T/,T/,T/,T/,T/,T/
Supercontig_1.5,1273091,TCGTCGTATACGATAGACAT,intergenic,CLUG_04748,A,[G],G/,G/,A/,A/,A/,A/,G/,G/,G/,G/,G/,G/
Supercontig_1.6,98489,GTTGCCCAAACCGGAGGAGT,missense_variant,CLUG_04876,A,[T],A/,T/,A/,A/,A/,A/,A/,A/,T/,A/,T/,T/
Supercontig_1.6,250943,ACAACAAAATGTGGACCACA,intergenic,CLUG_04951,T,[C],T/,T/,T/,T/,C/,T/,T/,C/,T/,C/,T/,C/
Supercontig_1.6,300871,TCCAGATGACTCTGCCATGA,synonymous_variant,CLUG_04977,C,[T],C/,C/,T/,T/,T/,T/,C/,C/,C/,C/,C/,C/
Supercontig_1.6,346731,TAGGGCATGAGTCATGGGCA,intergenic,CLUG_04994,A,[C],C/,C/,A/,A/,C/,C/,C/,C/,C/,A/,C/,A/
Supercontig_1.6,346241,GCCAAACGGCCGTGAAGACA,intergenic,CLUG_04994,C,[T],C/,C/,T/,C/,T/,C/,C/,C/,T/,C/,C/,T/
Supercontig_1.6,412400,CGCGCAATGGGGATGACCTG,missense_variant,CLUG_05031,G,[A],G/,G/,A/,A/,A/,A/,G/,G/,G/,G/,G/,G/
Supercontig_1.6,658583,TGCAGTGACCAACACACTAA,missense_variant,CLUG_05155,C,[G],C/,C/,G/,G/,G/,G/,C/,C/,C/,C/,C/,C/
Supercontig_1.6,792776,AGTTACACGTACCGGGCCTT,intergenic,CLUG_05229,T,[C],C/,T/,T/,C/,C/,T/,C/,T/,C/,C/,C/,C/
Supercontig_1.7,199528,CTTCTCTTTGGTGTACCCCT,missense_variant,CLUG_05333,G,[C],G/,C/,G/,G/,G/,G/,G/,G/,C/,C/,G/,C/
Supercontig_1.7,200795,GCCGTGCTATAACCCGAGAA,missense_variant,CLUG_05334,T,[A],T/,T/,A/,A/,A/,A/,T/,T/,T/,T/,T/,T/
Supercontig_1.7,234599,ACTGGAGGCGGCCAAGAGCG,missense_variant,CLUG_05353,G,[T],G/,G/,T/,T/,T/,T/,G/,G/,G/,G/,G/,G/
Supercontig_1.7,279507,ATGTACACGGCACTAAAGAG,missense_variant,CLUG_05373,G,[T],G/,G/,T/,T/,T/,T/,G/,G/,G/,G/,G/,G/
Supercontig_1.7,555271,CCATGTGAGCGAAGTTTCCC,missense_variant,CLUG_05502,C,[A],C/,C/,A/,A/,A/,A/,C/,C/,C/,C/,C/,C/
Supercontig_1.8,418228,TCGGAGGCATTTATGACTAT,missense_variant,CLUG_05785,T,[G],T/,T/,G/,G/,G/,G/,T/,T/,T/,T/,T/,T/
Supercontig_1.8,457461,AAAACGGGTCCTGGCCAATA,missense_variant,CLUG_05802,C,[A],C/,A/,C/,C/,C/,C/,C/,C/,A/,A/,C/,A/
Supercontig_1.8,634876,GCCAAATTGAAGCTTCCATT,missense_variant,CLUG_05895,A,[T],A/,A/,T/,T/,T/,T/,A/,A/,A/,A/,A/,A/
Supercontig_1.8,645844,CTTTTGCTTGATGTTATAGC,synonymous_variant,CLUG_05901,G,[A],G/,G/,A/,A/,A/,A/,G/,G/,G/,G/,G/,G/
Supercontig_1.1,1341825,ACGATTTCCGACGCGTGCCG,missense_variant,CLUG_00670,G,[T],G/,T/,G/,G/,G/,G/,G/,G/,T/,T/,G/,G/
Supercontig_1.1,1885282,CACAGGAGGGGATGAATCTT,intergenic,CLUG_00927,G,[A],G/,A/,G/,G/,G/,G/,G/,G/,A/,A/,G/,G/
Supercontig_1.1,2255289,CGTTGTTTTTAGCCGAATCA,intergenic,CLUG_01114,T,[C],T/,T/,C/,T/,C/,C/,T/,T/,T/,T/,T/,T/
Supercontig_1.2,31967,TTGACTGTTTTCTTGATTTT,missense_variant,CLUG_01225,T,[A],T/,A/,T/,T/,T/,T/,T/,T/,A/,A/,T/,T/
Supercontig_1.2,151653,TTTTTCATGGATGAGATTAG,intergenic,CLUG_01283,G,[C],G/,C/,G/,G/,G/,G/,G/,G/,C/,C/,G/,G/
Supercontig_1.2,629339,TCCAATCTGGCGACAATCTT,missense_variant,CLUG_01518,G,[A],G/,A/,G/,G/,G/,G/,G/,G/,A/,A/,G/,G/
Supercontig_1.2,725817,GGTTCTGGAGGTCTGTTAAG,missense_variant,CLUG_01572,G,[T],G/,G/,T/,G/,T/,T/,G/,G/,G/,G/,G/,G/
Supercontig_1.2,1905258,TGGGTTTGTTTTTTTTTTTT,intergenic,CLUG_02152,T,[C],C/,C/,T/,C/,T/,T/,C/,C/,C/,C/,C/,C/
Supercontig_1.2,1960152,TTTGCGTGATCCAACACTCA,missense_variant,CLUG_02180,T,[A],T/,A/,T/,T/,T/,T/,T/,T/,A/,A/,T/,T/
Supercontig_1.2,2044584,TTAACTTAGACGATTCCTAG,intergenic,CLUG_02220,A,[T],T/,A/,T/,T/,T/,T/,T/,T/,A/,T/,T/,A/
Supercontig_1.3,834425,TTATTGATCGAATCCTCCGC,missense_variant,CLUG_02723,G,[C],G/,C/,G/,G/,G/,G/,G/,G/,C/,C/,G/,G/
Supercontig_1.3,991850,AAGAAACGAACAGAACCGTG,intergenic,CLUG_02783,A,[G],A/,G/,A/,A/,A/,A/,A/,A/,G/,G/,A/,A/
Supercontig_1.3,1284159,GACATAGACAGTAATACTGC,intergenic,CLUG_02923,A,[G],A/,A/,A/,A/,G/,A/,A/,A/,A/,G/,A/,G/
Supercontig_1.3,1623314,TTTTGGGGCGAGAAGAAGAT,intergenic,CLUG_03081,G,[A],G/,A/,G/,G/,G/,G/,G/,G/,A/,A/,G/,G/
Supercontig_1.4,39713,TACACTGTTTTCCCGATTCT,intergenic,CLUG_03213,T,[C],T/,T/,T/,T/,C/,C/,T/,T/,T/,T/,C/,T/
Supercontig_1.4,336208,AAGAAAAACTTGACAATCAT,intergenic,CLUG_03354,T,[A],T/,A/,T/,T/,A/,T/,T/,A/,T/,T/,T/,T/
Supercontig_1.4,387697,ATTTGGCTCGCAGCCAGCCC,intergenic,CLUG_03387,G,[A],G/,G/,A/,G/,A/,A/,G/,G/,G/,G/,G/,G/
Supercontig_1.4,1200886,GGCACCAACGGTGAAACCAA,synonymous_variant,CLUG_03813,G,[A],G/,G/,A/,G/,A/,A/,G/,G/,G/,G/,G/,G/
Supercontig_1.5,229936,TCAATGGTCCATACACCTTT,intergenic,CLUG_04213,C,[A],C/,C/,A/,C/,C/,C/,C/,C/,A/,C/,C/,A/
Supercontig_1.5,385688,ATGTCAGGCGTTACTTGAAT,missense_variant,CLUG_04290,G,[A],G/,A/,G/,G/,G/,G/,G/,G/,A/,A/,G/,G/
Supercontig_1.5,678760,AGAAAGGCGGCTGATGATTA,missense_variant,CLUG_04428,G,[A],G/,G/,A/,G/,A/,A/,G/,G/,G/,G/,G/,G/
Supercontig_1.5,1205962,TCCTTTGGAGGAAGTATCTT,synonymous_variant,CLUG_04719,G,[A],G/,G/,A/,G/,A/,A/,G/,G/,G/,G/,G/,G/
Supercontig_1.5,1252488,CGGAATGCTCAAAGCGGGCT,missense_variant,CLUG_04742,C,[G],C/,C/,G/,C/,G/,G/,C/,C/,C/,C/,C/,C/
Supercontig_1.5,1441146,ATAGCCGAGGCTTGCCTGAC,missense_variant,CLUG_04828,G,[A],G/,G/,A/,G/,A/,A/,G/,G/,G/,G/,G/,G/
Supercontig_1.6,348166,TGGCCAAAGCGAAAGACTTC,missense_variant,CLUG_04996,C,[T],C/,C/,T/,C/,T/,T/,C/,C/,C/,C/,C/,C/
Supercontig_1.6,374992,GGAATTGCCCATCCACTTGG,synonymous_variant,CLUG_05010,C,[A],C/,C/,A/,C/,A/,A/,C/,C/,C/,C/,C/,C/
Supercontig_1.6,794672,AGTTCATCCACCGAAACTTC,missense_variant,CLUG_05230,A,[G],A/,A/,G/,A/,A/,A/,A/,A/,G/,G/,A/,A/
Supercontig_1.6,794675,TCATCCACCGAAACTTCGTC,missense_variant,CLUG_05230,G,[A],G/,G/,A/,G/,G/,G/,G/,G/,A/,A/,G/,G/
Supercontig_1.6,794699,GAAAGTTCATTCACTGTGTC,missense_variant,CLUG_05230,T,[A],T/,T/,A/,T/,T/,T/,T/,T/,A/,A/,T/,T/
Supercontig_1.6,797248,ACGAGCTTCGAATAAGCAAT,intergenic,CLUG_05231,G,[C],G/,G/,G/,G/,C/,G/,G/,G/,C/,C/,G/,G/
Supercontig_1.8,196212,AGAAGAGAACGTCGGGAATA,intergenic,CLUG_05686,C,[A],C/,A/,C/,C/,C/,C/,C/,C/,A/,A/,C/,C/
Supercontig_1.8,488787,ACTTGGGCGCCTCCGCTTAA,intergenic,CLUG_05820,C,[G],C/,C/,G/,C/,G/,G/,C/,C/,C/,C/,C/,C/
Supercontig_1.8,589157,CAAACAAGGGGTAGCAGCGA,intergenic,CLUG_05868,G,[A],G/,A/,G/,G/,G/,G/,G/,G/,A/,A/,G/,G/
Supercontig_1.1,551004,TGCATCATCTTCATCTGCGT,missense_variant,CLUG_00281,T,[A],T/,T/,T/,T/,T/,T/,T/,A/,T/,T/,T/,A/
Supercontig_1.1,838111,TTAAGAACGTGGCACCTTAT,intergenic,CLUG_00423,T,[C],T/,C/,T/,T/,T/,T/,T/,T/,C/,T/,T/,T/
Supercontig_1.1,1426132,AAAGAAGATGGAGCCTTGAT,intergenic,CLUG_00709,G,[A],G/,G/,G/,G/,G/,G/,G/,G/,A/,A/,G/,G/
Supercontig_1.2,1639388,ACTTTCTAGTCATTCTCAAC,intergenic,CLUG_02022,T,[C],C/,C/,C/,C/,C/,C/,C/,C/,T/,T/,C/,C/
Supercontig_1.2,1658005,TGTTTCATCGCCTGTCCCGG,synonymous_variant,CLUG_02030,G,[T],G/,G/,G/,G/,G/,G/,G/,T/,T/,G/,G/,G/
Supercontig_1.2,1658008,TTCATCGCCTGTCCCGGCTG,synonymous_variant,CLUG_02030,T,[G],T/,T/,T/,T/,T/,T/,T/,G/,G/,T/,T/,T/
Supercontig_1.2,1760488,ATCGGAGGACCCGCAGCGGT,missense_variant,CLUG_02081,C,[A],C/,C/,C/,C/,C/,C/,C/,C/,A/,A/,C/,C/
Supercontig_1.2,1901034,CGCTGCAAAATATCATGCTG,intergenic,CLUG_02149,A,[T],T/,T/,A/,T/,T/,T/,T/,A/,T/,T/,T/,T/
Supercontig_1.2,2003907,AAAGAGAGGCTAGAAAACTG,missense_variant,CLUG_02204,C,[A],C/,C/,C/,C/,C/,C/,C/,C/,A/,A/,C/,C/
Supercontig_1.2,2178552,CCATCCACTAAGTATATCTA,intergenic,CLUG_02274,A,[G],A/,A/,A/,A/,A/,A/,A/,A/,A/,G/,A/,G/
Supercontig_1.2,2178082,AAAAATAGATGCCGAATTGA,intergenic,CLUG_02274,T,[A],T/,T/,T/,T/,T/,T/,T/,T/,A/,A/,T/,T/
Supercontig_1.3,14783,GGAGGGATTGGGGGTACTGC,intergenic,CLUG_02301,G,[T],T/,T/,T/,T/,G/,T/,T/,T/,G/,T/,T/,T/
Supercontig_1.3,620564,AAAAAAAAAAAAAAAAGTTG,intergenic,CLUG_02623,A,[T],A/,A/,A/,A/,A/,T/,A/,A/,A/,T/,A/,A/
Supercontig_1.3,821876,GTAGTTGTTTTATGTGATGA,intergenic,CLUG_02714,T,[C],C/,T/,T/,C/,C/,C/,C/,C/,C/,C/,C/,C/
Supercontig_1.3,1238263,TGGAACATATACTCCTTCTG,missense_variant,CLUG_02908,T,[C],T/,T/,T/,T/,T/,T/,T/,T/,T/,C/,C/,T/
Supercontig_1.3,1268765,TTGTGCAGGACCCTTACCAG,intergenic,CLUG_02918,A,[C],A/,A/,A/,A/,C/,A/,A/,A/,A/,A/,A/,C/
Supercontig_1.3,1382631,CATACCATTCCCGCGAGGCG,missense_variant,CLUG_02977,C,[A],C/,C/,A/,C/,C/,A/,C/,C/,C/,C/,C/,C/
Supercontig_1.3,1387654,CAGCGAAAAACTTTCTACAT,synonymous_variant,CLUG_02979,A,[G],A/,A/,G/,A/,A/,A/,A/,A/,G/,A/,A/,A/
Supercontig_1.3,1523775,TCTTTCATATTTGTTTCGCT,intergenic,CLUG_03038,T,[G],G/,G/,G/,G/,T/,T/,G/,G/,G/,G/,G/,G/
Supercontig_1.3,1783497,AGACATTATCCGCGTTTGTG,intergenic,CLUG_03155,C,[G],C/,C/,C/,C/,C/,C/,C/,C/,G/,G/,C/,C/
Supercontig_1.3,1864067,TTGCCTACTTTCGCCCGATT,missense_variant,CLUG_03194,T,[C],T/,T/,T/,C/,T/,C/,T/,T/,T/,T/,T/,T/
Supercontig_1.4,4352,GAGTCTATTTCATTTTGATT,intergenic,CLUG_03197,T,[C],C/,T/,C/,C/,C/,C/,C/,C/,C/,T/,C/,C/
Supercontig_1.4,84436,AAGACTTGAAAATAGCGATG,intergenic,CLUG_03237,A,[G],G/,G/,G/,G/,G/,A/,G/,G/,G/,G/,G/,A/
Supercontig_1.4,142768,GTTCATTATGTACCAAAATT,intergenic,CLUG_03260,G,[A],A/,G/,A/,A/,A/,A/,A/,A/,A/,G/,A/,A/
Supercontig_1.4,170496,CACCATTACCAGTGGAACGG,synonymous_variant,CLUG_03274,C,[G],C/,C/,C/,G/,C/,C/,C/,C/,C/,C/,G/,C/
Supercontig_1.4,195926,CGCTACAGCAGAATCAAATG,missense_variant,CLUG_03283,A,[G],A/,A/,A/,A/,A/,G/,A/,A/,A/,A/,A/,G/
Supercontig_1.4,194469,CTCATAGTGGCAGGTGGATT,intergenic,CLUG_03283,G,[A],A/,A/,A/,A/,A/,A/,A/,A/,A/,G/,A/,G/
Supercontig_1.4,194564,TTGACTGGTTATTATTGTGG,intergenic,CLUG_03283,T,[A],A/,A/,A/,A/,A/,A/,A/,A/,A/,T/,A/,T/
Supercontig_1.4,211536,AGAAAGAGAAAGAGAGAGAG,intergenic,CLUG_03293,A,[G],A/,G/,G/,A/,A/,A/,A/,A/,A/,A/,A/,A/
Supercontig_1.4,379068,GAAGGTACTCGCTCCAGCTC,intergenic,CLUG_03378,C,[T],T/,T/,T/,T/,C/,T/,T/,T/,T/,T/,C/,T/
Supercontig_1.4,798966,CACTTACGTGTATGCAACTT,missense_variant,CLUG_03593,G,[A],G/,G/,G/,G/,G/,G/,G/,G/,A/,A/,G/,G/
Supercontig_1.4,1316165,TATCATATGGTGTCTTATCA,missense_variant,CLUG_03878,G,[A],G/,G/,G/,G/,G/,G/,G/,G/,A/,A/,G/,G/
Supercontig_1.5,181231,GTACATATAAATAAACTGAG,intergenic,CLUG_04187,A,[G],A/,A/,G/,G/,A/,A/,A/,A/,A/,A/,A/,A/
Supercontig_1.6,98508,TTGCCCAAACCGGAGGAGTT,missense_variant,CLUG_04876,C,[G],C/,G/,C/,C/,C/,C/,C/,C/,C/,C/,G/,C/
Supercontig_1.6,98509,TGCCCAAACCGGAGGAGTTG,synonymous_variant,CLUG_04876,C,[T],C/,T/,C/,C/,C/,C/,C/,C/,C/,C/,T/,C/
Supercontig_1.6,103880,GATAGAATGGAGAGAAGATG,intergenic,CLUG_04879,G,[A],A/,A/,A/,G/,A/,A/,A/,A/,A/,G/,A/,A/
Supercontig_1.6,104287,CTGGTTCCTTCTGTAGATGG,intergenic,CLUG_04879,T,[C],C/,C/,C/,C/,T/,C/,C/,C/,T/,C/,C/,C/
Supercontig_1.6,280521,ACAAGGTAAGATCATTATTT,intergenic,CLUG_04968,G,[C],G/,G/,G/,G/,G/,C/,G/,G/,G/,G/,G/,C/
Supercontig_1.6,346275,TCTGCCAATAGCAAAGAAGT,intergenic,CLUG_04994,A,[T],T/,T/,T/,T/,T/,T/,A/,A/,T/,T/,T/,T/
Supercontig_1.6,394711,CTTACTGTCAACAGCAGAGC,intergenic,CLUG_05020,A,[G],G/,G/,G/,A/,G/,G/,G/,G/,A/,G/,G/,G/
Supercontig_1.6,394751,CGGAGAACATCCGAAGGCAT,intergenic,CLUG_05020,T,[G],G/,G/,G/,T/,G/,G/,G/,G/,T/,G/,G/,G/
Supercontig_1.6,539946,ATAGACTTGGGGTGTTATTC,intergenic,CLUG_05096,G,[T],T/,T/,T/,T/,T/,T/,T/,G/,T/,T/,T/,G/
Supercontig_1.6,587093,GCTTTGAATATCACTATTAG,intergenic,CLUG_05123,A,[G],G/,A/,G/,G/,G/,G/,G/,G/,A/,G/,G/,G/
Supercontig_1.6,796635,ACCAAACCAACTCAAGGTCG,intergenic,CLUG_05231,A,[C],A/,A/,A/,A/,A/,A/,A/,C/,A/,C/,A/,A/
Supercontig_1.7,565028,TTTTTTGCTTTTATCTTGAG,intergenic,CLUG_05505,T,[C],C/,C/,C/,T/,C/,C/,C/,C/,C/,C/,C/,T/
Supercontig_1.8,263655,TTATATAAAATAATACTAAA,intergenic,CLUG_05713,A,[T],T/,A/,T/,T/,T/,T/,T/,A/,T/,T/,T/,T/
Supercontig_1.8,290903,GAAGACATAGATAAATTTAT,intergenic,CLUG_05724,G,[A],A/,A/,A/,G/,A/,A/,A/,A/,G/,A/,A/,A/
Supercontig_1.8,291635,ATGAGTTTCTTCTTCATCCC,intergenic,CLUG_05724,T,[C],T/,T/,T/,T/,T/,T/,T/,C/,T/,C/,T/,T/
Supercontig_1.8,738414,ATATATCCCCGCCACCCCGC,intergenic,CLUG_05941,C,[T],C/,C/,C/,C/,C/,C/,T/,C/,C/,T/,C/,C/
Supercontig_1.1,51441,GAGAAGTTCGTGGAGAATAT,missense_variant,CLUG_00029,G,[A],G/,G/,G/,G/,G/,G/,G/,G/,A/,G/,G/,G/
Supercontig_1.1,77801,TATAGGAATCAAGTATCCCA,intergenic,CLUG_00039,C,[G],C/,C/,C/,C/,C/,C/,G/,C/,C/,C/,C/,C/
Supercontig_1.1,102097,CGCCTGTTGTGGAAGAAGAC,missense_variant,CLUG_00052,T,[C],T/,T/,T/,T/,T/,T/,T/,T/,T/,T/,T/,C/
Supercontig_1.1,120319,TAAGCCTTCGCAGACTGCAG,synonymous_variant,CLUG_00063,G,[A],G/,G/,G/,A/,G/,G/,G/,G/,G/,G/,G/,G/
Supercontig_1.1,149619,AAGTGAACGCTACGGGCGCC,intergenic,CLUG_00073,C,[A],C/,C/,C/,C/,A/,C/,C/,C/,C/,C/,C/,C/
Supercontig_1.1,149618,CAAGTGAACGCTACGGGCGC,intergenic,CLUG_00073,G,[A],G/,G/,G/,G/,A/,G/,G/,G/,G/,G/,G/,G/
Supercontig_1.1,149254,GCAACTAATGTGAGTGCATG,intergenic,CLUG_00073,G,[A],G/,A/,G/,G/,G/,G/,G/,G/,G/,G/,G/,G/
Supercontig_1.1,163238,ACCAACTTCTTCCAGTGAGG,synonymous_variant,CLUG_00083,T,[G],T/,T/,T/,T/,G/,T/,T/,T/,T/,T/,T/,T/
Supercontig_1.1,199553,ACTGCTCCTCGAAAGGGCCT,intergenic,CLUG_00100,C,[T],C/,C/,C/,C/,C/,C/,T/,C/,C/,C/,C/,C/
Supercontig_1.1,252543,GCTCGCAAAAGTGAAACGTC,missense_variant,CLUG_00131,A,[G],A/,A/,A/,A/,A/,A/,A/,A/,A/,A/,A/,G/
Supercontig_1.1,265384,CGTTGTGATGCTCGATGGTT,missense_variant,CLUG_00138,G,[T],G/,G/,G/,G/,G/,G/,G/,G/,G/,G/,G/,T/
Supercontig_1.1,296604,AATGATATCGAAGAAGCACA,missense_variant,CLUG_00155,G,[A],G/,G/,G/,G/,G/,A/,G/,G/,G/,G/,G/,G/
Supercontig_1.1,319298,ATCGTAGCTGGTACCTCAAC,missense_variant,CLUG_00165,G,[T],G/,G/,G/,G/,G/,G/,G/,G/,G/,T/,G/,G/
Supercontig_1.1,337285,CATGTCAAACATACATTTGC,intergenic,CLUG_00171,C,[G],C/,C/,G/,C/,C/,C/,C/,C/,C/,C/,C/,C/
Supercontig_1.1,339028,AGGTGACCACGCAAAGCAAG,missense_variant,CLUG_00172,C,[T],C/,C/,T/,C/,C/,C/,C/,C/,C/,C/,C/,C/
Supercontig_1.1,347285,GCAACATACCCCAGATACAA,intergenic,CLUG_00176,C,[A],C/,C/,C/,C/,A/,C/,C/,C/,C/,C/,C/,C/
Supercontig_1.1,400785,TCGAGTGTTCACTCTCTCGT,intergenic,CLUG_00197,C,[G],C/,C/,C/,G/,C/,C/,C/,C/,C/,C/,C/,C/
Supercontig_1.1,470000,TCAGAGGGCCCCTTTGGGCT,missense_variant,CLUG_00235,C,[T],C/,C/,T/,C/,C/,C/,C/,C/,C/,C/,C/,C/
Supercontig_1.1,636063,ACACTCAAGTAGCATTGAGC,missense_variant,CLUG_00320,T,[A],T/,T/,A/,T/,T/,T/,T/,T/,T/,T/,T/,T/
Supercontig_1.1,646744,CCATTGCCCAAACACCCTGG,missense_variant,CLUG_00324,A,[G],A/,A/,A/,A/,A/,G/,A/,A/,A/,A/,A/,A/
Supercontig_1.1,645976,TGATGGTTTCGCCTGCTGAT,missense_variant,CLUG_00324,C,[T],C/,C/,C/,C/,T/,C/,C/,C/,C/,C/,C/,C/
Supercontig_1.1,651180,TTGTGTGAGGCTATGTTCAT,synonymous_variant,CLUG_00327,G,[A],G/,G/,G/,A/,G/,G/,G/,G/,G/,G/,G/,G/
Supercontig_1.1,686909,CAACTTTTTCAACAAGGCGT,synonymous_variant,CLUG_00345,C,[T],C/,C/,C/,T/,C/,C/,C/,C/,C/,C/,C/,C/
Supercontig_1.1,700660,TATCTTACACGAATCATACA,intergenic,CLUG_00350,C,[T],C/,C/,C/,C/,C/,C/,C/,C/,C/,T/,C/,C/
Supercontig_1.1,745210,ACGACTCGGAAAACGTCGTT,missense_variant,CLUG_00377,A,[G],A/,A/,A/,A/,A/,A/,G/,A/,A/,A/,A/,A/
Supercontig_1.1,768723,ACGATGTGGGGCGTGCAACT,missense_variant,CLUG_00390,G,[T],G/,G/,G/,G/,G/,G/,G/,G/,T/,G/,G/,G/
Supercontig_1.1,804049,GCAAAACACGTTCTTCGTGT,missense_variant,CLUG_00408,G,[T],G/,G/,G/,G/,G/,T/,G/,G/,G/,G/,G/,G/
Supercontig_1.1,823449,CCGCAATACGCCGGGTTTGT,missense_variant,CLUG_00417,G,[A],G/,G/,G/,G/,G/,A/,G/,G/,G/,G/,G/,G/
Supercontig_1.1,828609,AGAAGAATGTGTCTTTTGAC,missense_variant,CLUG_00419,T,[C],T/,T/,T/,T/,T/,T/,T/,T/,T/,T/,T/,C/
Supercontig_1.1,841294,AAAATTGGGGAAAAAAATCA,intergenic,CLUG_00425,G,[A],A/,G/,A/,A/,A/,A/,A/,A/,A/,A/,A/,A/
Supercontig_1.1,858817,GATTTGCGCAATTTCACCGA,missense_variant,CLUG_00432,A,[C],A/,A/,C/,A/,A/,A/,A/,A/,A/,A/,A/,A/
Supercontig_1.1,858806,TCAAGCTTGACGATTTGCGC,missense_variant,CLUG_00432,A,[G],A/,A/,A/,A/,G/,A/,A/,A/,A/,A/,A/,A/
Supercontig_1.1,895671,CCAACGGTTAAAATCTTCTT,intergenic,CLUG_00443,A,[G],A/,A/,A/,A/,A/,A/,A/,A/,A/,G/,A/,A/
Supercontig_1.1,904774,GTTTATTTATATTATGCTTA,intergenic,CLUG_00447,T,[C],C/,C/,C/,C/,C/,C/,C/,C/,C/,C/,C/,T/
Supercontig_1.1,904854,ATTAGTAAATCTATTCTCAT,intergenic,CLUG_00447,T,[G],G/,G/,G/,G/,G/,G/,G/,G/,G/,G/,G/,T/
Supercontig_1.1,946966,TTCTTTTTTGAATGAGACGA,intergenic,CLUG_00465,G,[C],C/,C/,C/,C/,C/,C/,G/,C/,C/,C/,C/,C/
Supercontig_1.1,946998,GAATGAGATGAGACAGACGA,intergenic,CLUG_00465,G,[T],T/,T/,T/,T/,T/,T/,G/,T/,T/,T/,T/,T/
Supercontig_1.1,944450,TTAGTTGAGTGCCTTTATTA,intergenic,CLUG_00465,T,[C],T/,C/,T/,T/,T/,T/,T/,T/,T/,T/,T/,T/
Supercontig_1.1,1026148,TTGAGATGATACTAATTAAT,intergenic,CLUG_00505,T,[G],T/,T/,T/,T/,T/,G/,T/,T/,T/,T/,T/,T/
Supercontig_1.1,1089788,CGGAGAAGGCACGGGGGACT,intergenic,CLUG_00537,C,[A],C/,C/,C/,C/,C/,C/,C/,C/,C/,C/,C/,A/
Supercontig_1.1,1105644,AGTATGATGCCAAGTATCAC,intergenic,CLUG_00545,C,[A],C/,A/,C/,C/,C/,C/,C/,C/,C/,C/,C/,C/
Supercontig_1.1,1118179,CTCAGCAGCGGAGACTTGAG,missense_variant,CLUG_00553,G,[A],G/,G/,G/,A/,G/,G/,G/,G/,G/,G/,G/,G/
Supercontig_1.1,1130429,TGAAACATTCAATCCGCATA,intergenic,CLUG_00557,C,[A],C/,C/,C/,C/,C/,C/,C/,C/,A/,C/,C/,C/
Supercontig_1.1,1131195,CTAAACATTTATCTTCAACA,intergenic,CLUG_00557,T,[A],T/,A/,T/,T/,T/,T/,T/,T/,T/,T/,T/,T/
Supercontig_1.1,1142832,AGGTAGACGTTTGAATGTGC,intergenic,CLUG_00562,T,[G],T/,T/,T/,T/,T/,G/,T/,T/,T/,T/,T/,T/
Supercontig_1.1,1153578,CCTGTTATTGTTCTCGCAAT,intergenic,CLUG_00566,G,[T],G/,G/,G/,G/,G/,G/,G/,G/,G/,T/,G/,G/
Supercontig_1.1,1187176,TTGAACAGATCTGCTGATTT,missense_variant,CLUG_00586,T,[A],T/,A/,T/,T/,T/,T/,T/,T/,T/,T/,T/,T/
Supercontig_1.1,1192781,ATGAACTCCACTATGTGCAC,missense_variant,CLUG_00590,A,[C],A/,A/,A/,A/,A/,A/,A/,A/,A/,A/,C/,A/
Supercontig_1.1,1217302,TGGTAATGAAGCAATAGGAG,intergenic,CLUG_00604,A,[T],A/,T/,A/,A/,A/,A/,A/,A/,A/,A/,A/,A/
Supercontig_1.1,1230204,AGATTAGTATTTCAGTGTAT,intergenic,CLUG_00611,T,[G],T/,T/,T/,T/,T/,T/,T/,T/,G/,T/,T/,T/
Supercontig_1.1,1246198,ATTACCCTGGTCCCAAGAAC,missense_variant,CLUG_00620,G,[C],G/,G/,G/,G/,C/,G/,G/,G/,G/,G/,G/,G/
Supercontig_1.1,1341258,TCGCAGTCTTCAACGAAAAC,intergenic,CLUG_00668,T,[A],T/,T/,T/,T/,T/,T/,T/,T/,T/,A/,T/,T/
Supercontig_1.1,1449415,ATTTCTGTCGAGACTGTCCG,missense_variant,CLUG_00721,G,[C],G/,G/,G/,G/,G/,G/,G/,G/,G/,C/,G/,G/
Supercontig_1.1,1488390,TCGTGCTGCCATTTTAATGC,intergenic,CLUG_00736,C,[G],C/,C/,G/,C/,C/,C/,C/,C/,C/,C/,C/,C/
Supercontig_1.1,1494139,TGTTCAGCCTCTGGAATCTC,missense_variant,CLUG_00741,T,[G],T/,T/,T/,T/,T/,T/,T/,T/,T/,T/,T/,G/
Supercontig_1.1,1639038,TTCTTCTCAGTTGGGAAAGA,missense_variant,CLUG_00808,G,[A],G/,G/,G/,G/,G/,G/,G/,G/,G/,G/,G/,A/
Supercontig_1.1,1658696,TGAAGGATTGCTTCATCGTG,missense_variant,CLUG_00818,G,[C],G/,G/,G/,G/,C/,G/,G/,G/,G/,G/,G/,G/
Supercontig_1.1,1787721,TTGTTTTTCGCCAATAAGTA,missense_variant,CLUG_00878,G,[A],G/,G/,G/,A/,G/,G/,G/,G/,G/,G/,G/,G/
Supercontig_1.1,1854881,TTGGCTGCTTTTGATGGTGC,missense_variant,CLUG_00912,T,[A],T/,T/,T/,T/,T/,A/,T/,T/,T/,T/,T/,T/
Supercontig_1.1,1868750,CCTGGATGTGCATCCTCGTC,intergenic,CLUG_00919,G,[A],G/,G/,G/,G/,G/,G/,G/,A/,G/,G/,G/,G/
Supercontig_1.1,1868995,TCTATACGCTTCGCGACCAT,intergenic,CLUG_00919,T,[C],T/,T/,T/,C/,T/,T/,T/,T/,T/,T/,T/,T/
Supercontig_1.1,1868648,AAGATTCGATGCTTTACCTG,intergenic,CLUG_00919,T,[C],T/,C/,T/,T/,T/,T/,T/,T/,T/,T/,T/,T/
Supercontig_1.1,1938285,AAACCGGTTGTTCCACAATT,missense_variant,CLUG_00955,G,[C],G/,G/,G/,G/,G/,G/,C/,G/,G/,G/,G/,G/
Supercontig_1.1,2098772,TTCGGAACGGAAAGAACAGT,synonymous_variant,CLUG_01036,G,[A],G/,G/,A/,G/,G/,G/,G/,G/,G/,G/,G/,G/
Supercontig_1.1,2118653,TACTGGGGCTTTCTTCACTC,missense_variant,CLUG_01044,T,[G],T/,T/,T/,T/,T/,T/,T/,T/,T/,G/,T/,T/
Supercontig_1.1,2167890,TTCAAATGGAAAGCAGAAAT,intergenic,CLUG_01071,A,[T],A/,A/,A/,A/,A/,A/,A/,A/,A/,A/,T/,A/
Supercontig_1.1,2190858,TCTTGATAGCGACCTTTTTG,missense_variant,CLUG_01084,C,[T],C/,C/,C/,C/,C/,C/,C/,C/,C/,C/,C/,T/
Supercontig_1.1,2190857,ATCTTGATAGCGACCTTTTT,missense_variant,CLUG_01084,G,[C],G/,G/,G/,G/,G/,G/,G/,G/,G/,G/,G/,C/
Supercontig_1.1,2193283,TATGCTCTTGAAAAGCTTCT,synonymous_variant,CLUG_01085,G,[A],G/,G/,G/,A/,G/,G/,G/,G/,G/,G/,G/,G/
Supercontig_1.1,2222283,ATAACGAATGGGTTAGGTTA,intergenic,CLUG_01101,G,[C],G/,G/,C/,G/,G/,G/,G/,G/,G/,G/,G/,G/
Supercontig_1.1,2258294,GTTACGGTCTTTTGCTAAAC,missense_variant,CLUG_01120,T,[G],T/,T/,G/,T/,T/,T/,T/,T/,T/,T/,T/,T/
Supercontig_1.1,2278889,AGATCCACTACAGGCCACAG,missense_variant,CLUG_01132,A,[T],A/,A/,A/,A/,A/,A/,A/,A/,T/,A/,A/,A/
Supercontig_1.1,2334303,CGGAGGAAAGAAACCCAGTT,missense_variant,CLUG_01165,G,[A],G/,G/,A/,G/,G/,G/,G/,G/,G/,G/,G/,G/
Supercontig_1.1,2346921,GAAGCCCGAGATCCGCCGGA,missense_variant,CLUG_01173,G,[T],G/,G/,G/,G/,G/,G/,G/,G/,G/,G/,G/,T/
Supercontig_1.1,2407281,GTTGCTGCAGATGGGTTAGT,missense_variant,CLUG_01201,G,[A],G/,A/,G/,G/,G/,G/,G/,G/,G/,G/,G/,G/
Supercontig_1.2,5472,CCGTGTATTCTTGTTTTCTT,intergenic,CLUG_01210,C,[G],C/,C/,C/,C/,C/,C/,C/,C/,C/,C/,C/,G/
Supercontig_1.2,195140,TTGTTGCAGACATGGCCAAG,missense_variant,CLUG_01309,A,[C],A/,A/,A/,A/,A/,A/,A/,A/,A/,C/,A/,A/
Supercontig_1.2,229349,TGAAGCAAAAGAAGCCTATT,missense_variant,CLUG_01324,A,[G],A/,A/,A/,A/,A/,G/,A/,A/,A/,A/,A/,A/
Supercontig_1.2,277823,CGTGATAAACGACACTCAGG,missense_variant,CLUG_01344,C,[G],C/,C/,C/,C/,C/,C/,C/,C/,C/,C/,C/,G/
Supercontig_1.2,294429,GCCTGAGGCGCAAACGGCAG,synonymous_variant,CLUG_01353,G,[A],G/,G/,G/,G/,G/,G/,G/,G/,G/,G/,G/,A/
Supercontig_1.2,315994,AGGTATTCTATTTGCAAAGT,intergenic,CLUG_01368,A,[C],A/,C/,A/,A/,A/,A/,A/,A/,A/,A/,A/,A/
Supercontig_1.2,439861,CCACTGCTGCTGCCTGCAGC,missense_variant,CLUG_01427,C,[T],C/,C/,C/,C/,C/,C/,C/,C/,C/,C/,C/,T/
Supercontig_1.2,615801,GGGAAACTTAACTCTGTTGA,missense_variant,CLUG_01509,A,[T],A/,A/,A/,A/,A/,A/,T/,A/,A/,A/,A/,A/
Supercontig_1.2,630842,GTGATCAACTCTATTCTCAA,intergenic,CLUG_01514,T,[C],T/,C/,T/,T/,T/,T/,T/,T/,T/,T/,T/,T/
Supercontig_1.2,682349,AAGTATTCCGATACACCAGT,synonymous_variant,CLUG_01550,G,[A],G/,G/,G/,G/,A/,G/,G/,G/,G/,G/,G/,G/
Supercontig_1.2,748227,GAAAATGGAGCAACTTGAAG,missense_variant,CLUG_01587,G,[C],G/,G/,G/,G/,G/,G/,G/,G/,G/,G/,G/,C/
Supercontig_1.2,1003570,GCAATACAACCAGAAGAGTA,missense_variant,CLUG_01726,C,[A],C/,C/,C/,A/,C/,C/,C/,C/,C/,C/,C/,C/
Supercontig_1.2,1014320,ATGTATATGACAAATTCGAA,missense_variant,CLUG_01732,A,[T],A/,A/,A/,T/,A/,A/,A/,A/,A/,A/,A/,A/
Supercontig_1.2,1109482,AGAGATATAGAATGCACGGC,missense_variant,CLUG_01778,G,[T],G/,G/,G/,G/,T/,G/,G/,G/,G/,G/,G/,G/
Supercontig_1.2,1177823,CAACTGTATGCGTGATCGCA,intergenic,CLUG_01809,G,[C],G/,G/,G/,C/,G/,G/,G/,G/,G/,G/,G/,G/
Supercontig_1.2,1234720,TGGACATGACGTTATTTCCA,synonymous_variant,CLUG_01835,C,[T],C/,C/,C/,C/,C/,C/,C/,C/,C/,C/,C/,T/
Supercontig_1.2,1262338,GTCGTTTATTTCGATGCATT,missense_variant,CLUG_01848,T,[G],T/,T/,T/,G/,T/,T/,T/,T/,T/,T/,T/,T/
Supercontig_1.2,1307467,GTGTAACCTGAAAAACTGCC,missense_variant,CLUG_01866,G,[C],G/,G/,G/,G/,G/,G/,G/,G/,G/,G/,G/,C/
Supercontig_1.2,1322372,AATTTCAACGCCATGAACCT,missense_variant,CLUG_01872,G,[A],G/,G/,G/,A/,G/,G/,G/,G/,G/,G/,G/,G/
Supercontig_1.2,1323339,ACTTCAGATTCAAAGAGGGC,missense_variant,CLUG_01872,T,[A],T/,A/,T/,T/,T/,T/,T/,T/,T/,T/,T/,T/
Supercontig_1.2,1355524,AGGTTGGGTGCCCGACAGAT,synonymous_variant,CLUG_01889,G,[T],G/,G/,G/,G/,G/,G/,G/,G/,G/,T/,G/,G/
Supercontig_1.2,1475600,CAATAAATGTAACCACTGTT,intergenic,CLUG_01947,T,[C],T/,T/,T/,T/,T/,T/,T/,T/,T/,C/,T/,T/
Supercontig_1.2,1501120,TTTCCACCTAAAGAGTACCA,intergenic,CLUG_01957,A,[T],A/,A/,A/,A/,A/,A/,A/,A/,A/,T/,A/,A/
Supercontig_1.2,1532409,GAGCGGAGTCAAAAAAATAC,synonymous_variant,CLUG_01975,C,[G],C/,C/,C/,G/,C/,C/,C/,C/,C/,C/,C/,C/
Supercontig_1.2,1535867,ATGTGTTGGGCCCGGGCTAC,missense_variant,CLUG_01977,G,[A],G/,G/,G/,G/,G/,G/,G/,G/,A/,G/,G/,G/
Supercontig_1.2,1588792,ACGATGTTTTATCCGCAGTG,stop_gained,CLUG_02001,T,[A],T/,T/,T/,A/,T/,T/,T/,T/,T/,T/,T/,T/
Supercontig_1.2,1691186,ATTAAGTCGGTATTATGCTG,missense_variant,CLUG_02046,G,[C],G/,G/,G/,G/,G/,G/,G/,G/,C/,G/,G/,G/
Supercontig_1.2,1699770,CAATCTGGATCGAATATGAT,missense_variant,CLUG_02050,T,[A],T/,T/,T/,T/,T/,T/,T/,T/,T/,A/,T/,T/
Supercontig_1.2,1711726,TTTTTCGTATCTGCATAGCT,intergenic,CLUG_02052,T,[A],T/,T/,A/,T/,T/,T/,T/,T/,T/,T/,T/,T/
Supercontig_1.2,1716907,AAACCACAACCACCAGTCGC,synonymous_variant,CLUG_02056,C,[T],C/,C/,C/,C/,C/,C/,T/,C/,C/,C/,C/,C/
Supercontig_1.2,1774569,AAAAAAAAAAAAAAAAAAGA,intergenic,CLUG_02086,A,[G],A/,A/,A/,A/,A/,A/,A/,A/,A/,A/,A/,G/
Supercontig_1.2,1775326,CTTTCATTTCTTCAATGTAC,stop_gained,CLUG_02087,C,[A],C/,C/,C/,C/,C/,C/,C/,C/,C/,C/,C/,A/
Supercontig_1.2,1856532,AATCTTAGCCTGAAAATCCC,intergenic,CLUG_02126,C,[T],C/,C/,C/,C/,C/,C/,C/,C/,T/,C/,C/,C/
Supercontig_1.2,1895124,TAAACCACTAAACCAATTAT,intergenic,CLUG_02148,A,[C],C/,C/,C/,C/,C/,C/,C/,A/,C/,C/,C/,C/
Supercontig_1.2,1900751,CAGACCACAATCCTTCTCTT,intergenic,CLUG_02149,A,[T],A/,A/,A/,A/,A/,A/,A/,A/,A/,A/,T/,A/
Supercontig_1.2,1913321,CGCAAGAACTTTTGAAGGAG,missense_variant,CLUG_02158,T,[C],T/,T/,T/,T/,T/,T/,T/,T/,T/,T/,T/,C/
Supercontig_1.2,2061672,TCGCTTCCATCTTGATGCTG,intergenic,CLUG_02229,T,[A],T/,T/,T/,T/,T/,T/,T/,T/,T/,T/,T/,A/
Supercontig_1.2,2101643,ACCCAGCACGTTGTTGGAGG,missense_variant,CLUG_02244,G,[A],G/,A/,G/,G/,G/,G/,G/,G/,G/,G/,G/,G/
Supercontig_1.2,2154913,GTCACCCATAATCACCAAAC,intergenic,CLUG_02262,A,[C],A/,A/,A/,A/,A/,A/,A/,A/,A/,C/,A/,A/
Supercontig_1.2,2154916,ACCCATAATCACCAAACAAA,intergenic,CLUG_02262,C,[G],C/,C/,C/,C/,C/,C/,C/,C/,C/,G/,C/,C/
Supercontig_1.2,2151308,TCACTTGTCTGGTTTCTCAG,intergenic,CLUG_02262,T,[A],T/,T/,T/,T/,T/,T/,T/,T/,T/,A/,T/,T/
Supercontig_1.2,2158166,ATTTCGATACCTTAAGTATT,intergenic,CLUG_02264,C,[G],C/,C/,G/,C/,C/,C/,C/,C/,C/,C/,C/,C/
Supercontig_1.2,2158169,TCGATACCTTAAGTATTTAA,intergenic,CLUG_02264,T,[A],T/,T/,T/,A/,T/,T/,T/,T/,T/,T/,T/,T/
Supercontig_1.2,2178293,TCATCACATAGTATGAGTTG,intergenic,CLUG_02274,A,[C],A/,A/,A/,A/,A/,A/,A/,A/,A/,C/,A/,A/
Supercontig_1.3,24565,GGACCTGCCCTGTAGAAAGA,intergenic,CLUG_02304,C,[A],C/,C/,C/,C/,C/,C/,C/,C/,C/,A/,C/,C/
Supercontig_1.3,62622,ATTTCAGCCGAGTTTAATGG,intergenic,CLUG_02323,G,[C],G/,C/,G/,G/,G/,G/,G/,G/,G/,G/,G/,G/
Supercontig_1.3,141749,GCGGACGATGGTGTACGGGT,intergenic,CLUG_02361,G,[A],G/,G/,G/,G/,G/,G/,G/,G/,G/,G/,G/,A/
Supercontig_1.3,163413,GCTATAGGATGGCCAATATA,missense_variant,CLUG_02376,T,[A],T/,T/,A/,T/,T/,T/,T/,T/,T/,T/,T/,T/
Supercontig_1.3,206596,TGTTGACGCGGATCCTAAAG,synonymous_variant,CLUG_02400,G,[T],G/,G/,G/,G/,G/,G/,G/,G/,G/,G/,T/,G/
Supercontig_1.3,231345,GCAATTTGGTAGCACGTTTT,missense_variant,CLUG_02410,T,[G],T/,G/,T/,T/,T/,T/,T/,T/,T/,T/,T/,T/
Supercontig_1.3,248862,ATTTAGTATGTATATGATAT,intergenic,CLUG_02419,G,[A],G/,G/,G/,G/,G/,G/,G/,G/,G/,G/,A/,G/
Supercontig_1.3,300122,ACGAATTTACCAACGCACAG,missense_variant,CLUG_02450,C,[T],C/,C/,C/,C/,C/,C/,C/,C/,C/,C/,C/,T/
Supercontig_1.3,354176,ACTCTGCCAAATCGAGGTTG,missense_variant,CLUG_02476,A,[C],A/,A/,A/,A/,A/,A/,C/,A/,A/,A/,A/,A/
Supercontig_1.3,444330,ATCATTTTCTTTGATGAAGG,intergenic,CLUG_02533,T,[C],T/,T/,T/,T/,T/,C/,T/,T/,T/,T/,T/,T/
Supercontig_1.3,454237,AGAAAAGGAGGAATTGGGAG,intergenic,CLUG_02539,G,[T],G/,G/,G/,G/,G/,G/,G/,G/,G/,T/,G/,G/
Supercontig_1.3,489515,AGCAATTGAGAAGCTAATTG,intergenic,CLUG_02555,G,[A],G/,G/,G/,G/,G/,G/,G/,G/,A/,G/,G/,G/
Supercontig_1.3,489513,TAAGCAATTGAGAAGCTAAT,intergenic,CLUG_02555,G,[C],G/,G/,G/,G/,G/,G/,G/,G/,C/,G/,G/,G/
Supercontig_1.3,555960,GAGAACCCAGCAGCCAAATT,missense_variant,CLUG_02590,G,[A],G/,G/,G/,G/,G/,G/,G/,G/,G/,G/,G/,A/
Supercontig_1.3,567411,GGCGGATGAGGACAAATCTA,missense_variant,CLUG_02596,G,[T],G/,T/,G/,G/,G/,G/,G/,G/,G/,G/,G/,G/
Supercontig_1.3,583105,CGGGCCATCCTGACTTTCTA,missense_variant,CLUG_02607,C,[T],C/,C/,C/,C/,C/,C/,C/,C/,C/,C/,C/,T/
Supercontig_1.3,598759,TTGGCGAAGTCCAGGGTGAA,missense_variant,CLUG_02616,T,[C],T/,T/,T/,T/,T/,T/,T/,T/,C/,T/,T/,T/
Supercontig_1.3,607972,CACGTGCCGCTCCATGGAAG,intergenic,CLUG_02618,C,[T],C/,C/,C/,C/,C/,C/,C/,C/,C/,C/,C/,T/
Supercontig_1.3,616820,TGAACTTATCACGGGTTCTA,synonymous_variant,CLUG_02623,C,[T],C/,C/,C/,C/,C/,T/,C/,C/,C/,C/,C/,C/
Supercontig_1.3,620127,TATAGGCAAGTAAAATTCAA,intergenic,CLUG_02623,G,[A],G/,G/,G/,G/,G/,G/,G/,G/,G/,G/,A/,G/
Supercontig_1.3,663120,TTGCCGTCGTCTTTGTCCAA,missense_variant,CLUG_02648,T,[C],T/,T/,T/,T/,T/,T/,T/,T/,C/,T/,T/,T/
Supercontig_1.3,682995,TCATAAAACGATATTTATTT,synonymous_variant,CLUG_02656,G,[A],G/,G/,G/,G/,G/,A/,G/,G/,G/,G/,G/,G/
Supercontig_1.3,793055,ACTGGACCAGCAGCTATATC,missense_variant,CLUG_02702,G,[T],G/,G/,G/,G/,G/,T/,G/,G/,G/,G/,G/,G/
Supercontig_1.3,810106,TATAGTGGTGTGAATTTCGA,intergenic,CLUG_02712,G,[C],G/,G/,G/,G/,G/,G/,G/,G/,C/,G/,G/,G/
Supercontig_1.3,823702,ACACTATTGAAGATTATAAA,intergenic,CLUG_02715,A,[G],G/,G/,G/,G/,G/,A/,G/,G/,G/,G/,G/,G/
Supercontig_1.3,831899,CGTTCCAAAAATGTAGCGGA,synonymous_variant,CLUG_02722,A,[T],A/,A/,A/,A/,A/,A/,A/,A/,A/,A/,A/,T/
Supercontig_1.3,836885,TTTGCTAACTTTCAGGAACG,intergenic,CLUG_02722,T,[A],T/,T/,T/,T/,T/,T/,T/,T/,T/,T/,T/,A/
Supercontig_1.3,837228,GAAGCTGGCCTTATTTCCGA,missense_variant,CLUG_02726,C,[A],C/,C/,C/,C/,C/,C/,C/,C/,C/,C/,C/,A/
Supercontig_1.3,837453,CCCGTTAAATCGAGGGAACA,missense_variant,CLUG_02726,T,[G],T/,G/,T/,T/,T/,T/,T/,T/,T/,T/,T/,T/
Supercontig_1.3,906872,TTTCCACATAGTCGCAGCGA,missense_variant,CLUG_02751,A,[G],A/,A/,A/,A/,G/,A/,A/,A/,A/,A/,A/,A/
Supercontig_1.3,1006476,TTTAGTTATTGCATTCTTAT,intergenic,CLUG_02790,T,[G],T/,T/,T/,T/,T/,T/,T/,T/,T/,T/,G/,T/
Supercontig_1.3,1006484,TTGCATTCTTATCCGAAGAT,intergenic,CLUG_02790,T,[G],T/,T/,T/,T/,T/,T/,T/,T/,T/,T/,G/,T/
Supercontig_1.3,1028354,GTCTTTCAACTGATTTCAGC,intergenic,CLUG_02800,C,[G],C/,C/,C/,C/,C/,C/,C/,G/,C/,C/,C/,C/
Supercontig_1.3,1088545,ACTTGTCAGACTTGTCAGAC,intergenic,CLUG_02829,A,[T],A/,A/,A/,A/,A/,A/,A/,A/,A/,T/,A/,A/
Supercontig_1.3,1157073,TTAACTCTGGTAGAGAGGTG,missense_variant,CLUG_02872,G,[C],G/,G/,C/,G/,G/,G/,G/,G/,G/,G/,G/,G/
Supercontig_1.3,1171605,CTTACGGATACTATACCAAA,missense_variant,CLUG_02878,A,[G],A/,A/,A/,A/,A/,A/,G/,A/,A/,A/,A/,A/
Supercontig_1.3,1177565,TGATCCAAACAGAAATGCTG,missense_variant,CLUG_02881,C,[A],C/,C/,C/,C/,A/,C/,C/,C/,C/,C/,C/,C/
Supercontig_1.3,1234932,CAAACAAGAATGCAATGCAT,intergenic,CLUG_02907,A,[T],A/,A/,A/,A/,A/,A/,A/,A/,A/,T/,A/,A/
Supercontig_1.3,1234996,ATGTGGACACCTGAAAAGAT,intergenic,CLUG_02907,C,[T],C/,C/,C/,C/,C/,C/,C/,C/,C/,T/,C/,C/
Supercontig_1.3,1238590,TGTTCCTGGAACATACACTC,missense_variant,CLUG_02908,A,[T],A/,A/,A/,A/,A/,T/,A/,A/,A/,A/,A/,A/
Supercontig_1.3,1238244,ATAGTGGTAATCCCGTTCCT,missense_variant,CLUG_02908,A,[T],A/,A/,A/,A/,A/,A/,A/,A/,A/,A/,T/,A/
Supercontig_1.3,1238569,TCCGCCAAATAGTATCCACT,missense_variant,CLUG_02908,T,[C],T/,T/,T/,T/,T/,C/,T/,T/,T/,T/,T/,T/
Supercontig_1.3,1238572,GCCAAATAGTATCCACTCTG,missense_variant,CLUG_02908,T,[C],T/,T/,T/,T/,T/,C/,T/,T/,T/,T/,T/,T/
Supercontig_1.3,1240935,CTGATCCAAGTTCTGAACCA,missense_variant,CLUG_02910,G,[T],T/,T/,T/,T/,T/,G/,T/,T/,T/,T/,T/,T/
Supercontig_1.3,1254647,AGACACCATCATCATGCTCA,intergenic,CLUG_02913,C,[T],C/,C/,C/,C/,C/,C/,C/,C/,T/,C/,C/,C/
Supercontig_1.3,1269296,GATATAACTGGTACTAAAAT,intergenic,CLUG_02918,G,[T],G/,G/,G/,T/,G/,G/,G/,G/,G/,G/,G/,G/
Supercontig_1.3,1312251,GCTAAACTAAATTATACTAT,intergenic,CLUG_02939,A,[T],T/,T/,T/,T/,T/,T/,T/,T/,T/,A/,T/,T/
Supercontig_1.3,1308787,TTCATTCTTCTTATCACCCA,synonymous_variant,CLUG_02940,C,[T],C/,C/,T/,C/,C/,C/,C/,C/,C/,C/,C/,C/
Supercontig_1.3,1320430,CTGTTCTCGGCTACGTACAT,missense_variant,CLUG_02945,G,[A],G/,G/,G/,G/,G/,G/,G/,G/,A/,G/,G/,G/
Supercontig_1.3,1322179,AACAGCGGTGCTTCGGCGCT,missense_variant,CLUG_02946,G,[C],G/,G/,G/,G/,G/,C/,G/,G/,G/,G/,G/,G/
Supercontig_1.3,1329421,TTTCCCCGCCTGGTCTTTCG,missense_variant,CLUG_02951,C,[A],C/,C/,A/,C/,C/,C/,C/,C/,C/,C/,C/,C/
Supercontig_1.3,1349111,TCGATGTCGCGGGCGAGGCC,missense_variant,CLUG_02960,C,[G],C/,C/,C/,C/,C/,C/,C/,C/,C/,C/,G/,C/
Supercontig_1.3,1349161,GGTGGTGGTGTTGTTTGTGT,synonymous_variant,CLUG_02960,G,[A],G/,G/,G/,G/,G/,A/,G/,G/,G/,G/,G/,G/
Supercontig_1.3,1471556,TCTTATCTGCCTACGGTGAT,intergenic,CLUG_03012,C,[G],C/,C/,C/,G/,C/,C/,C/,C/,C/,C/,C/,C/
Supercontig_1.3,1560767,AGCGACATGCGGGCCCACTT,intergenic,CLUG_03055,C,[T],C/,C/,C/,T/,C/,C/,C/,C/,C/,C/,C/,C/
Supercontig_1.3,1564104,ACAGCAGCTCAACTCCTGCA,missense_variant,CLUG_03056,C,[T],C/,T/,C/,C/,C/,C/,C/,C/,C/,C/,C/,C/
Supercontig_1.3,1668653,CAGACTGCTTCACCAGAACC,missense_variant,CLUG_03106,T,[G],T/,T/,T/,T/,T/,T/,T/,T/,T/,G/,T/,T/
Supercontig_1.3,1671712,AACCGAAATATCAACAGCTT,missense_variant,CLUG_03108,A,[T],A/,A/,A/,A/,A/,A/,A/,A/,A/,A/,A/,T/
Supercontig_1.3,1680049,GAAGGCCTTGGTGGAAACTA,missense_variant,CLUG_03112,G,[C],G/,G/,G/,G/,G/,G/,G/,G/,G/,G/,G/,C/
Supercontig_1.3,1732222,TGTTGCGACGCCTTAAAAGC,intergenic,CLUG_03130,G,[A],G/,G/,G/,G/,G/,A/,G/,G/,G/,G/,G/,G/
Supercontig_1.3,1773015,TCTCTTGAACATATCCTGTA,missense_variant,CLUG_03152,C,[A],C/,C/,A/,C/,C/,C/,C/,C/,C/,C/,C/,C/
Supercontig_1.3,1791298,AAGAAAGTGCAGTACTCTAT,intergenic,CLUG_03160,C,[A],C/,C/,A/,C/,C/,C/,C/,C/,C/,C/,C/,C/
Supercontig_1.3,1819332,CATAGTGTTCGGAAGAAAGA,intergenic,CLUG_03173,C,[G],C/,C/,C/,G/,C/,C/,C/,C/,C/,C/,C/,C/
Supercontig_1.3,1848539,AGCGCGATGTGTCAGCTTGC,synonymous_variant,CLUG_03187,T,[C],T/,T/,T/,T/,T/,C/,T/,T/,T/,T/,T/,T/
Supercontig_1.3,1863437,GCGGGCCCCAAATCCCTCCG,intergenic,CLUG_03193,A,[C],C/,C/,A/,C/,C/,C/,C/,C/,C/,C/,C/,C/
Supercontig_1.4,33852,CAAAAATGAAGTAGCACAAA,intergenic,CLUG_03211,A,[T],A/,A/,A/,A/,A/,A/,A/,A/,A/,T/,A/,A/
Supercontig_1.4,38879,AGACGAAGGACACGCTTAGT,intergenic,CLUG_03213,A,[C],A/,A/,A/,A/,A/,A/,A/,C/,A/,A/,A/,A/
Supercontig_1.4,63827,TGGAGTTGGTGATGTGTAGG,missense_variant,CLUG_03226,T,[G],T/,T/,G/,T/,T/,T/,T/,T/,T/,T/,T/,T/
Supercontig_1.4,70848,TTTCAAAACATCTTCAATCA,intergenic,CLUG_03231,A,[T],A/,A/,A/,A/,A/,T/,A/,A/,A/,A/,A/,A/
Supercontig_1.4,101293,GCGCCAGCGGGCGCCTTTTG,missense_variant,CLUG_03245,G,[C],G/,G/,G/,G/,G/,G/,G/,G/,C/,G/,G/,G/
Supercontig_1.4,112991,ATGAGCTCGAGCCAAAAGTG,missense_variant,CLUG_03249,A,[C],A/,A/,A/,A/,A/,A/,A/,A/,A/,C/,A/,A/
Supercontig_1.4,114362,TTCCTTTTGTTTAATTACAA,missense_variant,CLUG_03249,T,[G],T/,T/,T/,T/,T/,T/,T/,T/,T/,G/,T/,T/
Supercontig_1.4,115540,ATGGTCAAGGCAACGATGAA,missense_variant,CLUG_03250,G,[T],G/,G/,G/,G/,G/,G/,G/,G/,T/,G/,G/,G/
Supercontig_1.4,163340,AACCAGCTGTCCCAAAACTC,missense_variant,CLUG_03272,T,[G],T/,T/,T/,T/,T/,T/,T/,T/,T/,G/,T/,T/
Supercontig_1.4,170485,ACTCAAACCACCACCATTAC,missense_variant,CLUG_03274,A,[C],A/,A/,A/,A/,A/,A/,A/,A/,A/,A/,A/,C/
Supercontig_1.4,190914,ATGTCGAAGACGAAGACGAC,missense_variant,CLUG_03282,A,[C],A/,A/,A/,A/,A/,A/,A/,A/,A/,A/,C/,A/
Supercontig_1.4,195734,CGTTGTACGACGAGGTGAAG,missense_variant,CLUG_03283,A,[C],A/,A/,C/,A/,A/,A/,A/,A/,A/,A/,A/,A/
Supercontig_1.4,195740,ACGACGAGGTGAAGCTGCAG,missense_variant,CLUG_03283,T,[G],T/,T/,T/,T/,T/,T/,T/,T/,T/,T/,G/,T/
Supercontig_1.4,211556,AGAGAGAGAGAGAGAGAAAT,intergenic,CLUG_03293,G,[A],G/,A/,G/,G/,G/,G/,G/,G/,G/,G/,G/,G/
Supercontig_1.4,213117,CTTAAATGGTTTTCATAATT,intergenic,CLUG_03293,T,[A],T/,T/,T/,T/,A/,T/,T/,T/,T/,T/,T/,T/
Supercontig_1.4,228739,ACACACCGGTTTTCAGCGCC,intergenic,CLUG_03302,T,[G],T/,T/,G/,T/,T/,T/,T/,T/,T/,T/,T/,T/
Supercontig_1.4,299101,AAGAGGAAGATCAGTGAATT,intergenic,CLUG_03335,A,[C],A/,A/,A/,A/,A/,A/,A/,A/,A/,A/,A/,C/
Supercontig_1.4,299456,GGCCCGATGTCGATAACTGC,intergenic,CLUG_03335,T,[G],T/,T/,T/,T/,T/,T/,T/,T/,G/,T/,T/,T/
Supercontig_1.4,306087,AACCTAGTCGGAGGATATCT,intergenic,CLUG_03339,G,[A],G/,G/,A/,G/,G/,G/,G/,G/,G/,G/,G/,G/
Supercontig_1.4,315949,CCTAGCCAGACTCAGTCTTT,intergenic,CLUG_03343,A,[G],A/,A/,A/,A/,A/,A/,A/,A/,G/,A/,A/,A/
Supercontig_1.4,328155,CGCACGATACGGGAGTTGGG,missense_variant,CLUG_03352,C,[T],C/,T/,C/,C/,C/,C/,C/,C/,C/,C/,C/,C/
Supercontig_1.4,362745,CGCCACAGTCAATCTGCTTC,intergenic,CLUG_03371,C,[T],C/,C/,C/,T/,C/,C/,C/,C/,C/,C/,C/,C/
Supercontig_1.4,378903,AAACCCTGAGCCACATTGGA,intergenic,CLUG_03378,G,[T],T/,T/,G/,T/,T/,T/,T/,T/,T/,T/,T/,T/
Supercontig_1.4,396497,GTCGTACTTGAGCGAAAGAC,missense_variant,CLUG_03391,G,[T],G/,G/,G/,T/,G/,G/,G/,G/,G/,G/,G/,G/
Supercontig_1.4,435171,GCCTGCACCGAACAAACGGC,intergenic,CLUG_03404,G,[A],G/,G/,A/,G/,G/,G/,G/,G/,G/,G/,G/,G/
Supercontig_1.4,451199,AAGTGGTTACCTTAGATGGG,missense_variant,CLUG_03412,C,[A],C/,C/,C/,C/,A/,C/,C/,C/,C/,C/,C/,C/
Supercontig_1.4,449865,GGAAAACGATACTTCTATGT,synonymous_variant,CLUG_03412,T,[C],T/,T/,T/,T/,T/,C/,T/,T/,T/,T/,T/,T/
Supercontig_1.4,564274,CGAAGTAGGTGAGTAACTTG,missense_variant,CLUG_03466,T,[A],T/,T/,T/,T/,A/,T/,T/,T/,T/,T/,T/,T/
Supercontig_1.4,594621,TTGATCTTCGGGTTGCTTTC,missense_variant,CLUG_03485,G,[A],G/,G/,A/,G/,G/,G/,G/,G/,G/,G/,G/,G/
Supercontig_1.4,660997,CGAAGTTTTGCTAAGAAGAA,missense_variant,CLUG_03517,G,[A],G/,G/,G/,G/,G/,G/,G/,G/,G/,G/,G/,A/
Supercontig_1.4,706920,GGGTAAGATGCCAATTGCCA,intergenic,CLUG_03544,G,[C],G/,G/,G/,G/,G/,G/,C/,G/,G/,G/,G/,G/
Supercontig_1.4,742219,TCTAGGTTTAGGACAAGTGA,missense_variant,CLUG_03562,A,[G],A/,A/,A/,A/,A/,A/,G/,A/,A/,A/,A/,A/
Supercontig_1.4,792408,GCTTTTTGGGTTTCCCTTCA,missense_variant,CLUG_03589,G,[A],G/,G/,A/,G/,G/,G/,G/,G/,G/,G/,G/,G/
Supercontig_1.4,810753,AAGTAGATGCAACAGCTTCT,missense_variant,CLUG_03604,C,[T],C/,C/,C/,C/,C/,C/,C/,C/,C/,C/,C/,T/
Supercontig_1.4,883893,GCATTGATCGTTTTATCAAA,stop_gained,CLUG_03646,G,[A],G/,G/,G/,G/,G/,G/,G/,G/,G/,G/,G/,A/
Supercontig_1.4,900591,CACCTCCTAAGCCAAAGTAA,missense_variant,CLUG_03657,A,[T],A/,A/,A/,A/,A/,A/,A/,A/,A/,A/,A/,T/
Supercontig_1.4,927129,AACACAGTCGCAGGAGGACG,missense_variant,CLUG_03667,G,[T],G/,G/,G/,G/,G/,G/,G/,G/,G/,G/,G/,T/
Supercontig_1.4,932363,TTCAGCAATCACAGAGGCCA,synonymous_variant,CLUG_03671,C,[T],C/,C/,C/,C/,C/,C/,C/,C/,C/,C/,C/,T/
Supercontig_1.4,984462,TGGGCACTCAAGCCACTAAA,stop_gained,CLUG_03699,A,[T],A/,A/,A/,A/,A/,A/,A/,A/,A/,A/,A/,T/
Supercontig_1.4,984113,GGCAAAAAAGTAAACTAGCG,stop_gained,CLUG_03699,G,[T],G/,G/,G/,G/,G/,G/,T/,G/,G/,G/,G/,G/
Supercontig_1.4,989542,CACTGAATTCTTGCTTTGTC,missense_variant,CLUG_03702,C,[G],C/,C/,C/,C/,C/,C/,C/,C/,C/,C/,C/,G/
Supercontig_1.4,1042281,TATAATGAGGCAGCAAGAAC,missense_variant,CLUG_03728,G,[A],G/,G/,G/,G/,A/,G/,G/,G/,G/,G/,G/,G/
Supercontig_1.4,1169793,CTCAAGAATCAGGTTGAACA,stop_gained,CLUG_03795,C,[T],C/,C/,C/,C/,C/,C/,C/,C/,C/,C/,C/,T/
Supercontig_1.4,1197383,ATTGCTCTGTATGCGTATCA,missense_variant,CLUG_03812,T,[C],T/,T/,T/,T/,T/,T/,T/,T/,T/,T/,T/,C/
Supercontig_1.4,1227808,TTTTCTTCTCATTTCCCAGA,intergenic,CLUG_03824,C,[T],C/,C/,C/,C/,C/,C/,C/,C/,C/,C/,C/,T/
Supercontig_1.4,1260571,TATTGGCTTCGAAAGAGGCA,missense_variant,CLUG_03847,C,[T],C/,C/,C/,C/,C/,C/,C/,C/,C/,C/,C/,T/
Supercontig_1.4,1387985,GAATTCCTGGCGCCTGTGGA,missense_variant,CLUG_03911,G,[A],G/,G/,G/,G/,G/,G/,G/,G/,G/,G/,G/,A/
Supercontig_1.4,1440961,TTTTTGCACCCAAACTTGAA,missense_variant,CLUG_03942,C,[A],C/,C/,C/,C/,C/,C/,C/,C/,A/,C/,C/,C/
Supercontig_1.4,1517823,AATTTTTGCCTGAGGTATGG,missense_variant,CLUG_03981,C,[T],C/,C/,C/,C/,C/,C/,C/,C/,C/,C/,T/,C/
Supercontig_1.4,1545337,GTACGTCATCAGCAGTCTCA,missense_variant,CLUG_03989,C,[T],C/,C/,C/,C/,C/,C/,T/,C/,C/,C/,C/,C/
Supercontig_1.4,1579111,CCGGCGCCAGATGTCGCTCA,missense_variant,CLUG_04003,G,[A],G/,G/,G/,G/,G/,G/,G/,G/,G/,G/,G/,A/
Supercontig_1.4,1639115,ATATTCAACGACGAAGTCGG,synonymous_variant,CLUG_04033,G,[A],G/,G/,G/,G/,G/,G/,G/,G/,G/,G/,A/,G/
Supercontig_1.4,1695708,GTTCATCTTTCCCGTTTCCG,intergenic,CLUG_04059,T,[C],C/,C/,C/,T/,C/,C/,C/,C/,C/,C/,C/,C/
Supercontig_1.4,1745854,AGTATGATCCCTCCTTGCCC,missense_variant,CLUG_04082,C,[T],C/,T/,C/,C/,C/,C/,C/,C/,C/,C/,C/,C/
Supercontig_1.5,20147,GGATAATTACTGTAAAAAGA,intergenic,CLUG_04112,C,[A],C/,C/,C/,C/,C/,C/,C/,C/,C/,C/,C/,A/
Supercontig_1.5,176174,TTTTATAGAATGACTTGCCG,intergenic,CLUG_04183,A,[T],T/,T/,A/,T/,T/,T/,T/,T/,T/,T/,T/,T/
Supercontig_1.5,215276,ATTGAAAAATGTGAGGGGAT,intergenic,CLUG_04206,T,[A],T/,A/,T/,T/,T/,T/,T/,T/,T/,T/,T/,T/
Supercontig_1.5,356900,AAGATTCCACTTGTCCCAGA,missense_variant,CLUG_04278,C,[A],C/,C/,C/,A/,C/,C/,C/,C/,C/,C/,C/,C/
Supercontig_1.5,426612,GAGGATGGGTCAATGGTGGC,intergenic,CLUG_04305,T,[G],T/,T/,T/,T/,T/,G/,T/,T/,T/,T/,T/,T/
Supercontig_1.5,444593,GAGTTGGTCCGGCTGGAACT,synonymous_variant,CLUG_04314,C,[T],C/,C/,C/,C/,C/,C/,C/,C/,T/,C/,C/,C/
Supercontig_1.5,478246,TCTGCCCGCGCTTGTGGGCC,synonymous_variant,CLUG_04332,G,[T],G/,G/,G/,G/,G/,G/,G/,G/,T/,G/,G/,G/
Supercontig_1.5,627253,GCATGAAGCCATTGAAAGAG,missense_variant,CLUG_04405,C,[T],C/,C/,C/,C/,C/,C/,C/,C/,C/,C/,C/,T/
Supercontig_1.5,706669,TCGGACTTCCGCCTAAGTAT,missense_variant,CLUG_04443,C,[T],C/,C/,C/,C/,C/,C/,C/,C/,C/,C/,C/,T/
Supercontig_1.5,739396,CAGACTAACCCTGTGAGCCA,missense_variant,CLUG_04460,C,[A],C/,C/,C/,C/,C/,C/,C/,C/,C/,A/,C/,C/
Supercontig_1.5,782013,TACTTCAAAATCTCGCGAGC,missense_variant,CLUG_04479,A,[C],A/,A/,A/,A/,A/,A/,A/,A/,C/,A/,A/,A/
Supercontig_1.5,881269,AAGCCATTTGTGTACTACTA,missense_variant,CLUG_04525,G,[A],G/,G/,G/,A/,G/,G/,G/,G/,G/,G/,G/,G/
Supercontig_1.5,885922,CGACTATCAGCAAGATGGCT,synonymous_variant,CLUG_04529,G,[A],G/,G/,A/,G/,G/,G/,G/,G/,G/,G/,G/,G/
Supercontig_1.5,904009,GTGCCTTGAGAGCTCAGGGC,missense_variant,CLUG_04541,G,[A],G/,G/,G/,G/,G/,G/,G/,G/,G/,G/,G/,A/
Supercontig_1.5,936508,AACCACTTTGGTTCTCCACA,intergenic,CLUG_04557,G,[C],G/,G/,G/,G/,G/,G/,G/,G/,G/,G/,G/,C/
Supercontig_1.5,959600,AAAGTTTAGATATTAAACAT,intergenic,CLUG_04569,A,[T],A/,A/,A/,A/,A/,A/,A/,A/,A/,A/,A/,T/
Supercontig_1.5,959599,AAAAGTTTAGATATTAAACA,intergenic,CLUG_04569,G,[A],G/,G/,G/,G/,G/,G/,G/,G/,G/,G/,G/,A/
Supercontig_1.5,1028032,TAAAAGGAGCAGCCCATTTC,missense_variant,CLUG_04618,C,[T],C/,C/,C/,C/,C/,T/,C/,C/,C/,C/,C/,C/
Supercontig_1.5,1093138,CCAAACCAACAACATCATGA,missense_variant,CLUG_04655,C,[A],C/,C/,C/,C/,C/,C/,C/,C/,A/,C/,C/,C/
Supercontig_1.5,1137060,CAAAGAAACGATGATGCTAA,missense_variant,CLUG_04683,G,[A],G/,G/,G/,G/,A/,G/,G/,G/,G/,G/,G/,G/
Supercontig_1.5,1184583,TGAAGGAGACCACTATAACC,intergenic,CLUG_04706,C,[T],C/,C/,C/,C/,C/,T/,C/,C/,C/,C/,C/,C/
Supercontig_1.5,1194457,GGCAAAGCGCCTATTCCCAT,missense_variant,CLUG_04714,C,[G],C/,C/,C/,C/,C/,G/,C/,C/,C/,C/,C/,C/
Supercontig_1.5,1274934,TTTATGCGTCACTTGCATTA,missense_variant,CLUG_04751,C,[T],C/,C/,C/,C/,C/,C/,C/,C/,T/,C/,C/,C/
Supercontig_1.5,1288773,ATGAAAATGTAGGAATCAAT,intergenic,CLUG_04758,T,[G],T/,T/,T/,T/,T/,T/,G/,T/,T/,T/,T/,T/
Supercontig_1.5,1313810,TCTTAGCAAAGTCTAAACTG,missense_variant,CLUG_04775,A,[C],A/,A/,A/,A/,A/,A/,A/,A/,A/,A/,C/,A/
Supercontig_1.5,1355703,AACGAGCAACTCCGCTTATT,intergenic,CLUG_04792,C,[G],C/,G/,C/,C/,C/,C/,C/,C/,C/,C/,C/,C/
Supercontig_1.6,28981,GTGGATCCAAACCTACGTCC,intergenic,CLUG_04845,A,[C],A/,A/,A/,A/,A/,A/,A/,A/,A/,A/,C/,A/
Supercontig_1.6,33860,GCTGGTGTGTTTATTTCTAC,intergenic,CLUG_04847,T,[C],T/,C/,T/,T/,T/,T/,T/,T/,T/,T/,T/,T/
Supercontig_1.6,88285,ATTGTGATGACAAGCGAGAG,intergenic,CLUG_04869,A,[C],A/,A/,C/,A/,A/,A/,A/,A/,A/,A/,A/,A/
Supercontig_1.6,88279,ACAAAGATTGTGATGACAAG,intergenic,CLUG_04869,G,[T],G/,T/,G/,G/,G/,G/,G/,G/,G/,G/,G/,G/
Supercontig_1.6,109772,TGTGAAATAAATTGGAGTGA,intergenic,CLUG_04878,A,[C],A/,A/,A/,A/,A/,A/,A/,C/,A/,A/,A/,A/
Supercontig_1.6,172823,CCGCAACTCTAGTGCTTCAA,stop_lost&splice_region_variant,CLUG_04909,T,[G],T/,G/,T/,T/,T/,T/,T/,T/,T/,T/,T/,T/
Supercontig_1.6,197045,AGTCTATGAAATCACTACAG,intergenic,CLUG_04918,A,[T],A/,A/,A/,A/,A/,A/,A/,A/,A/,T/,A/,A/
Supercontig_1.6,225216,CAGAGAATTTTTTCATTCAG,intergenic,CLUG_04935,T,[A],T/,T/,T/,T/,T/,T/,T/,T/,T/,T/,A/,T/
Supercontig_1.6,240180,TCGCTTATTTGATATTATCA,intergenic,CLUG_04940,T,[A],T/,T/,A/,T/,T/,T/,T/,T/,T/,T/,T/,T/
Supercontig_1.6,253753,CCAATTTGTGCAAGTTGTCT,missense_variant,CLUG_04954,G,[A],G/,G/,G/,G/,G/,G/,G/,G/,G/,A/,G/,G/
Supercontig_1.6,286136,AACTGTAAACACCTGCTATA,intergenic,CLUG_04967,C,[T],C/,C/,C/,C/,C/,C/,C/,C/,C/,C/,C/,T/
Supercontig_1.6,293320,TTGGGGGCAAGCCAAAAAAT,missense_variant,CLUG_04973,A,[T],A/,A/,A/,A/,A/,T/,A/,A/,A/,A/,A/,A/
Supercontig_1.6,300654,GCTTTGTCTCTGATATCCTG,intergenic,CLUG_04974,C,[T],C/,T/,C/,C/,C/,C/,C/,C/,C/,C/,C/,C/
Supercontig_1.6,304474,GTCGGATGCTGGCGGATATA,intergenic,CLUG_04976,T,[A],T/,T/,T/,T/,T/,T/,T/,T/,A/,T/,T/,T/
Supercontig_1.6,317078,AAAATGCCCGCGCTCACACC,missense_variant,CLUG_04986,G,[A],G/,G/,G/,A/,G/,G/,G/,G/,G/,G/,G/,G/
Supercontig_1.6,338939,TGCCTATCGCGGATTAAAAG,intergenic,CLUG_04992,C,[A],C/,C/,C/,C/,C/,C/,C/,C/,C/,C/,A/,C/
Supercontig_1.6,345030,AAGGCCAGCTTATATGGCCA,intergenic,CLUG_04994,T,[G],T/,T/,G/,T/,T/,T/,T/,T/,T/,T/,T/,T/
Supercontig_1.6,367120,TCAGTTGAGTCAGTTGAGTC,missense_variant,CLUG_05007,T,[G],T/,G/,T/,T/,T/,T/,T/,T/,T/,T/,T/,T/
Supercontig_1.6,381751,ATGATTGCAATGTCTCATTG,intergenic,CLUG_05012,A,[G],A/,A/,A/,A/,A/,A/,A/,A/,A/,G/,A/,A/
Supercontig_1.6,381907,CTCACGAACTTGGACAAGAC,intergenic,CLUG_05012,T,[C],T/,T/,T/,T/,T/,T/,T/,T/,T/,C/,T/,T/
Supercontig_1.6,378749,CAGTTTCATAATACTTTCAG,intergenic,CLUG_05014,A,[G],A/,A/,A/,A/,A/,A/,A/,A/,G/,A/,A/,A/
Supercontig_1.6,378781,CACTTGTATGTTATTTTTTC,intergenic,CLUG_05014,G,[T],G/,G/,G/,G/,G/,G/,G/,G/,T/,G/,G/,G/
Supercontig_1.6,387714,TTATTTGCCGCCTTCTACCA,missense_variant,CLUG_05018,G,[A],G/,G/,G/,G/,G/,A/,G/,G/,G/,G/,G/,G/
Supercontig_1.6,409100,TCAAGATGGCCAGACTTATG,intergenic,CLUG_05027,C,[A],C/,C/,C/,C/,C/,C/,C/,C/,A/,C/,C/,C/
Supercontig_1.6,472065,TGCTTCAGCAATAGATGCTA,intergenic,CLUG_05057,A,[C],C/,C/,C/,C/,C/,C/,C/,A/,C/,C/,C/,C/
Supercontig_1.6,472037,AATTCATGATCTCTCTTTCT,intergenic,CLUG_05057,T,[C],C/,C/,C/,C/,C/,C/,C/,T/,C/,C/,C/,C/
Supercontig_1.6,556218,CCGAGAAATCTACGAGCGTT,synonymous_variant,CLUG_05106,C,[T],C/,C/,C/,C/,C/,C/,C/,C/,C/,C/,C/,T/
Supercontig_1.6,591172,GAAGTGGTGGTGAAATAGAC,intergenic,CLUG_05123,G,[A],G/,G/,G/,G/,G/,G/,G/,G/,G/,A/,G/,G/
Supercontig_1.6,596595,CCCTGCCGGCGTGCCTCGCA,synonymous_variant,CLUG_05128,C,[T],C/,C/,C/,T/,C/,C/,C/,C/,C/,C/,C/,C/
Supercontig_1.6,605764,ACACAAGTTGAAGTCTTCCA,missense_variant,CLUG_05132,G,[C],G/,G/,G/,G/,G/,C/,G/,G/,G/,G/,G/,G/
Supercontig_1.6,634235,CTACGGCCAATTTTACCATA,intergenic,CLUG_05142,A,[C],A/,A/,A/,A/,A/,A/,A/,C/,A/,A/,A/,A/
Supercontig_1.6,640631,TCAAGTTTGGGAAGCCATTG,missense_variant,CLUG_05144,G,[T],G/,G/,G/,G/,G/,G/,T/,G/,G/,G/,G/,G/
Supercontig_1.6,657935,AATCACAATCAAACAGATGG,missense_variant,CLUG_05155,C,[G],C/,C/,C/,C/,C/,C/,G/,C/,C/,C/,C/,C/
Supercontig_1.6,679166,GATAGAAATAAATAAGGAAG,intergenic,CLUG_05162,A,[C],C/,C/,C/,A/,C/,C/,C/,C/,C/,C/,C/,C/
Supercontig_1.6,679759,TCAAACGACCTAGGGTGACC,intergenic,CLUG_05163,C,[G],C/,C/,C/,C/,C/,C/,C/,C/,C/,G/,C/,C/
Supercontig_1.6,679744,GTTCAATTATTTAATTCAAA,intergenic,CLUG_05163,T,[A],T/,T/,T/,T/,T/,T/,T/,T/,T/,A/,T/,T/
Supercontig_1.6,686922,AAGAAGATGGTCGTCCCTAA,synonymous_variant,CLUG_05168,G,[A],G/,G/,G/,G/,G/,G/,G/,G/,G/,G/,G/,A/
Supercontig_1.6,745222,AAGGCCTCGGAAAAAGACAC,missense_variant,CLUG_05203,G,[T],G/,G/,G/,G/,G/,T/,G/,G/,G/,G/,G/,G/
Supercontig_1.6,789608,ATGTTAAAAATTCAATTTCT,intergenic,CLUG_05227,A,[T],A/,A/,A/,A/,A/,A/,A/,A/,A/,T/,A/,A/
Supercontig_1.6,795395,ATCGTATCAACTAGGGGTTC,missense_variant,CLUG_05230,A,[G],A/,A/,A/,A/,A/,A/,A/,G/,A/,A/,A/,A/
Supercontig_1.6,795425,CCATCCACAACGACCACTTT,missense_variant,CLUG_05230,A,[G],A/,A/,A/,A/,A/,A/,A/,G/,A/,A/,A/,A/
Supercontig_1.6,795439,CACTTTATCAACAACTTATG,synonymous_variant,CLUG_05230,A,[G],A/,A/,A/,A/,A/,A/,A/,G/,A/,A/,A/,A/
Supercontig_1.6,794394,CCGCAACTAAAAGTTCTTCA,missense_variant,CLUG_05230,A,[G],A/,A/,A/,A/,A/,A/,A/,A/,A/,G/,A/,A/
Supercontig_1.6,794540,TCTTCGGTAATTCCGTCTAC,missense_variant,CLUG_05230,A,[G],A/,A/,A/,A/,A/,A/,A/,A/,A/,G/,A/,A/
Supercontig_1.6,794404,AAGTTCTTCAGTGCTCAGCT,synonymous_variant,CLUG_05230,A,[T],A/,A/,A/,A/,A/,A/,A/,A/,A/,T/,A/,A/
Supercontig_1.6,793831,CTGCAACAGCTGGAAATACC,synonymous_variant,CLUG_05230,C,[T],C/,C/,T/,C/,C/,C/,C/,C/,C/,C/,C/,C/
Supercontig_1.6,795517,ACCTTATGTCAGCTCCAACA,synonymous_variant,CLUG_05230,C,[T],C/,C/,C/,C/,C/,C/,C/,C/,C/,T/,C/,C/
Supercontig_1.6,795528,GCTCCAACACTTGCAACGGC,missense_variant,CLUG_05230,C,[T],C/,C/,C/,C/,C/,C/,C/,C/,C/,T/,C/,C/
Supercontig_1.6,794434,AAGATCCTCGATAAGCAGCG,synonymous_variant,CLUG_05230,G,[A],G/,G/,G/,G/,G/,G/,G/,G/,G/,A/,G/,G/
Supercontig_1.6,795146,AGCACAGTTGTTCTGAGTTT,missense_variant,CLUG_05230,G,[T],G/,G/,G/,G/,G/,G/,G/,G/,G/,T/,G/,G/
Supercontig_1.6,794409,CTTCAGTGCTCAGCTCTTCA,missense_variant,CLUG_05230,T,[C],T/,T/,T/,T/,T/,T/,T/,T/,T/,C/,T/,T/
Supercontig_1.6,795379,CGAATCCTCTTCCAAGATCG,synonymous_variant,CLUG_05230,T,[C],T/,T/,T/,T/,T/,T/,T/,C/,T/,T/,T/,T/
Supercontig_1.6,793819,CGACATGTCATACTGCAACA,synonymous_variant,CLUG_05230,A,[T],T/,T/,A/,T/,T/,T/,T/,T/,T/,T/,T/,T/
Supercontig_1.6,796028,ACGGGTCTGCACACCATTAT,intergenic,CLUG_05231,C,[A],C/,C/,C/,C/,C/,C/,C/,C/,A/,C/,C/,C/
Supercontig_1.6,796306,ATAATACTGCGTGTATTTCA,intergenic,CLUG_05231,C,[T],C/,C/,C/,C/,C/,C/,C/,C/,C/,T/,C/,C/
Supercontig_1.6,801137,GATCTTATTCTCGACCAAGG,intergenic,CLUG_05231,C,[T],C/,C/,C/,C/,C/,C/,C/,C/,C/,T/,C/,C/
Supercontig_1.6,801191,ACGGATTAACTTTATGGTTC,intergenic,CLUG_05231,C,[T],C/,C/,C/,C/,C/,C/,C/,C/,C/,T/,C/,C/
Supercontig_1.6,795906,ATTTACCGTTTTCTTTCGTT,intergenic,CLUG_05231,T,[C],T/,T/,T/,T/,T/,C/,T/,T/,T/,T/,T/,T/
Supercontig_1.7,16711,AGCCATTCAAGTGTCCGGTG,missense_variant,CLUG_05237,A,[T],A/,A/,A/,A/,T/,A/,A/,A/,A/,A/,A/,A/
Supercontig_1.7,19348,ATTACTGTATGCGGTGTTAT,intergenic,CLUG_05239,T,[C],T/,T/,T/,T/,T/,T/,T/,T/,T/,T/,T/,C/
Supercontig_1.7,25281,TTGACTGCACGGTCTGATAT,intergenic,CLUG_05240,C,[G],C/,C/,C/,G/,C/,C/,C/,C/,C/,C/,C/,C/
Supercontig_1.7,34695,CCAGCTTTTCCCCCAGTCAT,synonymous_variant,CLUG_05245,C,[T],C/,C/,C/,C/,C/,T/,C/,C/,C/,C/,C/,C/
Supercontig_1.7,43257,ACCAGGGCCAGCCAAACCAG,missense_variant,CLUG_05248,A,[C],A/,C/,A/,A/,A/,A/,A/,A/,A/,A/,A/,A/
Supercontig_1.7,39956,CGCTACAAAAAATAAGAATA,intergenic,CLUG_05248,A,[C],C/,C/,C/,C/,C/,A/,C/,C/,C/,C/,C/,C/
Supercontig_1.7,98135,CAGGACCTACCATGGCTTAG,intergenic,CLUG_05282,C,[A],A/,A/,A/,A/,A/,A/,A/,A/,A/,A/,A/,C/
Supercontig_1.7,131141,TTCTGCTCCAGCACCAGGCC,missense_variant,CLUG_05297,A,[C],A/,C/,A/,A/,A/,A/,A/,A/,A/,A/,A/,A/
Supercontig_1.7,150363,GGGTGTTGGTCTTGCGGGCC,missense_variant,CLUG_05308,T,[G],T/,T/,G/,T/,T/,T/,T/,T/,T/,T/,T/,T/
Supercontig_1.7,168437,CCAGTTTAGGCTTATCGTTG,missense_variant,CLUG_05318,G,[A],G/,G/,G/,G/,G/,G/,A/,G/,G/,G/,G/,G/
Supercontig_1.7,169546,CGTTCGAAAACCGGCCGCTG,intergenic,CLUG_05319,A,[C],A/,A/,A/,A/,A/,A/,A/,A/,A/,A/,C/,A/
Supercontig_1.7,173672,GTGCAAGGGGAGTAGATGGC,missense_variant,CLUG_05320,G,[A],G/,G/,G/,G/,G/,G/,G/,G/,G/,A/,G/,G/
Supercontig_1.7,191536,GGTGAACTATTTGGCTTACT,missense_variant,CLUG_05329,T,[A],T/,T/,T/,T/,T/,T/,T/,T/,T/,T/,T/,A/
Supercontig_1.7,260677,ATCCTGTGATGATTGTCAGC,intergenic,CLUG_05365,T,[G],T/,T/,T/,T/,T/,T/,T/,T/,G/,T/,T/,T/
Supercontig_1.7,372102,AATGCCTTCTCTCTGGCTAT,missense_variant,CLUG_05417,T,[C],T/,T/,T/,T/,T/,T/,T/,T/,T/,T/,C/,T/
Supercontig_1.7,388030,CAGGAGCATTGTTCATTTGA,missense_variant,CLUG_05425,T,[G],T/,T/,T/,T/,T/,T/,T/,G/,T/,T/,T/,T/
Supercontig_1.7,453816,TCCGGGCGCACCGGCCGAAC,missense_variant,CLUG_05462,A,[C],A/,A/,A/,A/,A/,A/,A/,A/,A/,A/,A/,C/
Supercontig_1.7,492332,ACTTGACTATTCGCAATTCA,intergenic,CLUG_05475,T,[C],T/,T/,T/,T/,T/,T/,T/,T/,T/,C/,T/,T/
Supercontig_1.7,524762,AATACCCATGTGGACACAGC,intergenic,CLUG_05488,G,[C],G/,C/,G/,G/,G/,G/,G/,G/,G/,G/,G/,G/
Supercontig_1.7,604994,CGTTAGCATTTCGTCCACTC,intergenic,CLUG_05523,T,[A],T/,T/,T/,T/,T/,T/,T/,T/,T/,T/,A/,T/
Supercontig_1.7,605320,CTGAACTTGTATTTTGCATT,intergenic,CLUG_05523,T,[G],T/,T/,G/,T/,T/,T/,T/,T/,T/,T/,T/,T/
Supercontig_1.7,635224,GGCGATGGAGGAGTCCAAGA,synonymous_variant,CLUG_05535,G,[A],G/,G/,G/,G/,G/,A/,G/,G/,G/,G/,G/,G/
Supercontig_1.7,642586,CAAGAAAACCATAGGTTATT,intergenic,CLUG_05536,C,[A],C/,C/,C/,A/,C/,C/,C/,C/,C/,C/,C/,C/
Supercontig_1.7,686987,TCGAAGATAACAGAACAAAT,intergenic,CLUG_05557,A,[G],G/,A/,G/,G/,G/,G/,G/,G/,G/,G/,G/,G/
Supercontig_1.7,700701,GAAGAATTGGCATTAGGGAT,intergenic,CLUG_05565,G,[T],G/,G/,G/,G/,G/,G/,G/,G/,G/,T/,G/,G/
Supercontig_1.7,747404,ACTGAGCAGCAACTGCTGCA,missense_variant,CLUG_05592,C,[T],C/,C/,C/,T/,C/,C/,C/,C/,C/,C/,C/,C/
Supercontig_1.8,55428,CATGCATACCAATCAGATCT,intergenic,CLUG_05613,C,[A],C/,C/,C/,A/,C/,C/,C/,C/,C/,C/,C/,C/
Supercontig_1.8,60281,GGAACATATCGATTCCTTCA,intergenic,CLUG_05615,C,[G],C/,C/,C/,G/,C/,C/,C/,C/,C/,C/,C/,C/
Supercontig_1.8,60288,ATCGATTCCTTCAAATGTGT,intergenic,CLUG_05615,T,[A],T/,T/,T/,T/,T/,T/,T/,T/,T/,T/,A/,T/
Supercontig_1.8,64475,AAACTTTGAGATACTACTCT,intergenic,CLUG_05616,G,[T],G/,G/,G/,G/,G/,G/,G/,G/,G/,T/,G/,G/
Supercontig_1.8,102216,CATCTAAACGTCAGCCTACT,intergenic,CLUG_05636,G,[A],G/,G/,A/,G/,G/,G/,G/,G/,G/,G/,G/,G/
Supercontig_1.8,108440,CCACGCGGGCATCAAGCTTT,synonymous_variant,CLUG_05640,C,[T],C/,C/,C/,T/,C/,C/,C/,C/,C/,C/,C/,C/
Supercontig_1.8,185031,GCGCTTTGGGGCACGTGACC,synonymous_variant,CLUG_05682,G,[A],G/,G/,G/,G/,G/,G/,G/,G/,G/,G/,G/,A/
Supercontig_1.8,221751,AGCTGTTAGCTGTGACTTTC,intergenic,CLUG_05695,C,[G],C/,C/,C/,C/,C/,C/,C/,C/,C/,C/,C/,G/
Supercontig_1.8,220921,CTTGGATGTGGGTACTGGCC,intergenic,CLUG_05695,G,[T],G/,G/,G/,G/,G/,T/,G/,G/,G/,G/,G/,G/
Supercontig_1.8,269218,TAGTAATTACACTAGTAATT,intergenic,CLUG_05714,C,[T],C/,C/,C/,C/,C/,C/,C/,C/,C/,C/,T/,C/
Supercontig_1.8,277911,TAATTCTTGAAGAGCTCAAG,missense_variant,CLUG_05721,A,[T],A/,A/,A/,A/,A/,T/,A/,A/,A/,A/,A/,A/
Supercontig_1.8,290846,AGGCAAAACAGGACTGGAGG,intergenic,CLUG_05724,A,[T],A/,A/,A/,A/,T/,A/,A/,A/,A/,A/,A/,A/
Supercontig_1.8,313657,TGCTGACACAGAGCTGGATG,intergenic,CLUG_05734,A,[G],A/,A/,G/,A/,A/,A/,A/,A/,A/,A/,A/,A/
Supercontig_1.8,313612,TATTGCCCATACTTCCATCT,intergenic,CLUG_05734,T,[A],T/,T/,A/,T/,T/,T/,T/,T/,T/,T/,T/,T/
Supercontig_1.8,313796,ATTCGAGAATTTCAAATATG,intergenic,CLUG_05734,T,[C],T/,C/,T/,T/,T/,T/,T/,T/,T/,T/,T/,T/
Supercontig_1.8,400081,GTCTTGTGATTGCAGTAGAC,intergenic,CLUG_05772,T,[C],T/,T/,T/,C/,T/,T/,T/,T/,T/,T/,T/,T/
Supercontig_1.8,408972,CAAGATGACGAAAGAAATTT,synonymous_variant,CLUG_05781,G,[A],G/,G/,G/,G/,G/,G/,G/,G/,G/,G/,G/,A/
Supercontig_1.8,535179,AGGGCGACTTGGCCCTGAAC,missense_variant,CLUG_05843,T,[G],T/,T/,T/,T/,T/,T/,T/,T/,T/,T/,T/,G/
Supercontig_1.8,576235,AAGTAACTACACCAGCAAAC,intergenic,CLUG_05860,C,[T],C/,C/,C/,C/,C/,C/,C/,C/,C/,C/,C/,T/
Supercontig_1.8,661669,ATGGGGGACGTGAATTGCAC,missense_variant,CLUG_05908,G,[A],G/,G/,G/,G/,G/,G/,G/,G/,G/,G/,G/,A/