CHROM,POS,FLANKING,TYPE,GENE,REF,ALT,B16.1310D,B17.1311G,B18.1312G,B19.1310A,B20.1311A,B21.1312A,B22.134E,B23.133H,B24.133F,B25.135C,B26.131A,B27.136A
Supercontig_1.1,988448,ACATTGAAGCCGTTCGTACA,intergenic,CLUG_00486,C,[T],C/,T/,T/,T/,T/,T/,T/,T/,T/,T/,T/,T/
Supercontig_1.2,558711,AACCTAGAAGCGACGGGCCA,intergenic,CLUG_01479,G,[A],A/,G/,G/,G/,G/,G/,G/,G/,G/,G/,G/,G/
Supercontig_1.2,1728437,AGAAATCAAATCAATTCAAA,intergenic,CLUG_02059,A,[T],T/,A/,A/,A/,A/,A/,A/,A/,A/,A/,A/,A/
Supercontig_1.3,1231690,AAATTCTGATTTTAGCTCGA,synonymous_variant,CLUG_02906,T,[C],C/,T/,T/,T/,T/,T/,T/,T/,T/,T/,T/,T/
Supercontig_1.3,1297026,AACCCTGAACCTGAGGCTTC,intergenic,CLUG_02933,C,[A],A/,C/,C/,C/,C/,C/,C/,C/,C/,C/,C/,C/
Supercontig_1.3,1343020,CTACTTCCACGTCGCACCTT,intergenic,CLUG_02956,C,[T],C/,T/,T/,T/,T/,T/,T/,T/,T/,T/,T/,T/
Supercontig_1.4,44950,GATGATGAAACATGATATGG,intergenic,CLUG_03218,A,[C],C/,A/,A/,A/,A/,A/,A/,A/,A/,A/,A/,A/
Supercontig_1.4,163625,AGAATGTAGTTGGTGAGAAC,missense_variant,CLUG_03272,T,[A],A/,T/,T/,T/,T/,T/,T/,T/,T/,T/,T/,T/
Supercontig_1.4,1339886,GCAGTGATGCGCCGGCCGCC,missense_variant,CLUG_03891,C,[T],T/,C/,C/,C/,C/,C/,C/,C/,C/,C/,C/,C/
Supercontig_1.5,218249,TTCATGACCGAAAATCCACA,intergenic,CLUG_04206,G,[T],T/,G/,G/,G/,G/,G/,G/,G/,G/,G/,G/,G/
Supercontig_1.5,373838,TGGACCGCCGCGTTTTGCTT,missense_variant,CLUG_04285,G,[A],A/,G/,G/,G/,G/,G/,G/,G/,G/,G/,G/,G/
Supercontig_1.5,399769,TGATAATCTCTTTCAAGAGA,intergenic,CLUG_04296,C,[G],G/,C/,C/,C/,C/,C/,C/,C/,C/,C/,C/,C/
Supercontig_1.6,366016,CTAAACTTTCAGGCGTTGGA,intergenic,CLUG_05004,C,[T],T/,C/,C/,C/,C/,C/,C/,C/,C/,C/,C/,C/
Supercontig_1.6,365970,TAGTAGGAAGATGTAAGCAC,intergenic,CLUG_05004,G,[T],T/,G/,G/,G/,G/,G/,G/,G/,G/,G/,G/,G/
Supercontig_1.6,366006,TGTTTTTCTGCTAAACTTTC,intergenic,CLUG_05004,G,[T],T/,G/,G/,G/,G/,G/,G/,G/,G/,G/,G/,G/
Supercontig_1.6,570028,TACTTTCATGTAGTACGTCT,intergenic,CLUG_05114,G,[C],C/,G/,G/,G/,G/,G/,G/,G/,G/,G/,G/,G/
Supercontig_1.6,642797,ACGTATCATACCATATCGGG,intergenic,CLUG_05143,A,[C],C/,A/,A/,A/,A/,A/,A/,A/,A/,A/,A/,A/
Supercontig_1.6,763819,ACTTGGGCTTTGATGATGCC,missense_variant,CLUG_05211,T,[C],C/,T/,T/,T/,T/,T/,T/,T/,T/,T/,T/,T/
Supercontig_1.7,51312,AGAGAACATAATGTGTGAAG,intergenic,CLUG_05254,A,[G],G/,A/,A/,A/,A/,A/,A/,A/,A/,A/,A/,A/
Supercontig_1.7,57075,GGTCTAGCAAATTTAATAAT,intergenic,CLUG_05259,A,[T],T/,A/,A/,A/,A/,A/,A/,A/,A/,A/,A/,A/
Supercontig_1.7,252794,GTTCTGCCCTATTGTCCTCA,intergenic,CLUG_05359,T,[C],C/,T/,T/,T/,T/,T/,T/,T/,T/,T/,T/,T/
Supercontig_1.7,529099,CGCTACACATAGCGCTGCGG,intergenic,CLUG_05490,T,[G],G/,T/,T/,T/,T/,T/,T/,T/,T/,T/,T/,T/
Supercontig_1.8,35094,TCGGAAATTGCCGAGGGTAG,intergenic,CLUG_05607,G,[C],C/,G/,G/,G/,G/,G/,G/,G/,G/,G/,G/,G/
Supercontig_1.8,34959,TATGTGTTTCGTCATTTCTT,intergenic,CLUG_05607,C,[T],T/,C/,C/,T/,C/,C/,C/,C/,C/,C/,C/,C/
Supercontig_1.6,340043,ATATCAAGTAAAGATATCAA,intergenic,CLUG_04992,A,[G],G/,G/,A/,A/,A/,A/,A/,G/,A/,A/,A/,A/
Supercontig_1.1,1149336,TGAAATGCAATATAATGCAA,intergenic,CLUG_00565,A,[T],A/,T/,T/,T/,T/,A/,T/,T/,T/,A/,T/,A/
Supercontig_1.3,1523775,TCTTTCATATTTGTTTCGCT,intergenic,CLUG_03038,T,[G],T/,G/,G/,T/,T/,G/,G/,G/,G/,G/,G/,T/
Supercontig_1.1,888560,GGGAGACTTGTCTTGTCCGA,missense_variant,CLUG_00442,G,[A],G/,G/,G/,A/,A/,A/,G/,G/,G/,A/,A/,A/
Supercontig_1.1,1292202,TTAGTCATACTAATTAGAAG,intergenic,CLUG_00647,C,[T],T/,T/,T/,C/,C/,C/,T/,T/,T/,C/,C/,C/
Supercontig_1.2,732560,GAGCAGATTCTCTCGTTGGA,missense_variant,CLUG_01576,C,[A],A/,A/,A/,C/,C/,C/,A/,A/,A/,C/,C/,C/
Supercontig_1.2,1535936,TTTTGTCCACACACCCAGCC,missense_variant,CLUG_01977,C,[T],T/,T/,T/,C/,C/,C/,T/,T/,T/,C/,C/,C/
Supercontig_1.3,426290,CTCTTGTTTGCAAAGCGGTT,stop_gained,CLUG_02526,G,[A],A/,A/,A/,G/,G/,G/,A/,A/,A/,G/,G/,G/
Supercontig_1.3,426610,GTCATCAAAGCATCAGAGGC,missense_variant,CLUG_02526,G,[T],G/,G/,G/,T/,T/,T/,G/,G/,G/,T/,T/,T/
Supercontig_1.3,1033793,TCCAGTTCAACGTCTCGGCA,missense_variant,CLUG_02802,A,[T],T/,T/,T/,A/,A/,A/,T/,T/,T/,A/,A/,A/
Supercontig_1.4,2142,AGTTTGTGCGTCTATTCATC,intergenic,CLUG_03197,G,[C],C/,C/,G/,C/,G/,G/,C/,G/,G/,C/,G/,C/
Supercontig_1.4,565793,TAATGGAATGTATTCAACGT,missense_variant,CLUG_03468,G,[A],A/,A/,A/,G/,G/,G/,A/,A/,A/,G/,G/,G/
Supercontig_1.5,57650,TTTCAACACCTTTAAAAGTA,synonymous_variant,CLUG_04127,C,[T],T/,T/,T/,C/,C/,C/,T/,T/,T/,C/,C/,C/
Supercontig_1.6,340149,TAAAAGATATCAAGTAAAGA,intergenic,CLUG_04992,T,[C],C/,C/,T/,T/,T/,T/,C/,C/,T/,C/,T/,C/
Supercontig_1.7,87718,CCTTCTGTGTTCTATCTGTA,intergenic,CLUG_05273,T,[A],A/,T/,A/,A/,T/,T/,T/,A/,T/,A/,A/,T/
Supercontig_1.4,9919,TTTCAGCAAAATCAAGCGGA,intergenic,CLUG_03200,A,[T],A/,A/,T/,A/,A/,A/,A/,T/,T/,A/,T/,T/
Supercontig_1.8,325848,ACATTTGGGGATTTCCGTTA,intergenic,CLUG_05738,G,[A],G/,A/,A/,A/,G/,G/,G/,A/,G/,G/,A/,G/
Supercontig_1.2,1685879,TACTAAGTTTACCCTACTCA,intergenic,CLUG_02042,T,[C],T/,T/,C/,T/,T/,C/,T/,T/,C/,T/,T/,C/
Supercontig_1.2,1685912,AGTTTACCCTACTCAGTTTA,intergenic,CLUG_02042,T,[C],T/,T/,C/,T/,T/,C/,T/,T/,C/,T/,T/,C/
Supercontig_1.4,1876,ATACGGGATCAACTCATAAT,intergenic,CLUG_03197,C,[G],G/,G/,C/,G/,G/,C/,C/,G/,G/,G/,C/,G/
Supercontig_1.3,821876,GTAGTTGTTTTATGTGATGA,intergenic,CLUG_02714,T,[C],C/,T/,C/,C/,T/,T/,C/,C/,C/,C/,C/,C/
Supercontig_1.3,1202696,GAGATCAAACTTACCGGAGG,missense_variant,CLUG_02892,C,[G],C/,C/,C/,C/,C/,G/,C/,C/,C/,G/,C/,G/
Supercontig_1.4,4352,GAGTCTATTTCATTTTGATT,intergenic,CLUG_03197,T,[C],C/,C/,C/,C/,T/,C/,T/,C/,C/,T/,C/,C/
Supercontig_1.4,299101,AAGAGGAAGATCAGTGAATT,intergenic,CLUG_03335,A,[C],A/,A/,A/,A/,A/,A/,A/,C/,A/,A/,C/,C/
Supercontig_1.4,1187975,AAGTATCTGATTGGGGGAAA,missense_variant,CLUG_03807,A,[C],A/,A/,A/,A/,A/,C/,C/,A/,C/,A/,A/,A/
Supercontig_1.5,20147,GGATAATTACTGTAAAAAGA,intergenic,CLUG_04112,C,[A],C/,C/,C/,C/,C/,A/,A/,A/,C/,C/,C/,C/
Supercontig_1.6,197640,TTTCATTTAAGATTTCTATC,intergenic,CLUG_04918,A,[G],A/,A/,A/,G/,A/,A/,A/,A/,G/,A/,G/,A/
Supercontig_1.6,799139,TGTTCCAGGTACAATTACTC,synonymous_variant,CLUG_05231,T,[G],T/,T/,T/,T/,G/,G/,T/,T/,T/,T/,G/,T/
Supercontig_1.1,1098869,CAAATAGGCTGTTTCGGCAG,intergenic,CLUG_00542,T,[A],T/,T/,T/,T/,T/,T/,T/,T/,T/,A/,T/,A/
Supercontig_1.1,1098864,AGCGTCAAATAGGCTGTTTC,intergenic,CLUG_00542,T,[G],T/,T/,T/,T/,T/,T/,T/,T/,T/,G/,T/,G/
Supercontig_1.1,1336864,TTCTTGACTTTAGCACTCCG,missense_variant,CLUG_00667,T,[G],T/,T/,T/,T/,T/,G/,T/,T/,T/,T/,T/,G/
Supercontig_1.1,1336476,ATCAACGTATGGGATTTTGA,missense_variant,CLUG_00667,T,[G],T/,T/,T/,G/,T/,T/,T/,T/,T/,T/,G/,T/
Supercontig_1.3,991393,TACCATCAAAATTATTTTAG,intergenic,CLUG_02783,A,[G],G/,G/,G/,G/,G/,A/,G/,G/,A/,G/,G/,G/
Supercontig_1.3,1450853,CTTACATCCTCTCATATATC,intergenic,CLUG_03002,T,[G],G/,T/,G/,G/,G/,G/,T/,G/,G/,G/,G/,G/
Supercontig_1.4,824,TAGACTGAGATTCGCAGCAT,missense_variant,CLUG_03197,A,[T],A/,A/,A/,A/,T/,T/,A/,A/,A/,A/,A/,A/
Supercontig_1.4,33718,ACCTAAAATGATAACTTTAG,intergenic,CLUG_03209,G,[A],G/,G/,G/,A/,G/,G/,G/,G/,G/,G/,G/,A/
Supercontig_1.4,39713,TACACTGTTTTCCCGATTCT,intergenic,CLUG_03213,T,[C],C/,C/,C/,C/,C/,C/,C/,T/,C/,C/,C/,T/
Supercontig_1.4,171891,TGTTCCTACAGTGACAACAT,synonymous_variant,CLUG_03274,A,[T],A/,A/,A/,A/,A/,A/,A/,A/,A/,T/,T/,A/
Supercontig_1.4,171924,TGGTGCAGAGACAACCACAA,synonymous_variant,CLUG_03274,G,[A],G/,G/,G/,G/,G/,G/,G/,G/,G/,A/,A/,G/
Supercontig_1.4,171879,GATCGATGTTCCTGTTCCTA,synonymous_variant,CLUG_03274,T,[G],T/,T/,T/,T/,T/,T/,T/,T/,T/,G/,G/,T/
Supercontig_1.5,213415,ACCACAACGTTTGATCAATA,intergenic,CLUG_04204,T,[C],C/,T/,C/,C/,T/,C/,C/,C/,C/,C/,C/,C/
Supercontig_1.6,118042,TCGGATCTACTGCTCCACAC,intergenic,CLUG_04883,C,[T],T/,T/,T/,T/,T/,C/,T/,T/,T/,C/,T/,T/
Supercontig_1.6,154917,GTTTGGGTGTGAGTTTGGGT,synonymous_variant,CLUG_04901,T,[G],T/,T/,T/,T/,T/,T/,G/,T/,T/,G/,T/,T/
Supercontig_1.6,573873,GAATTAAGCCGTTTTCGCAT,intergenic,CLUG_05116,C,[T],T/,C/,T/,T/,T/,T/,T/,T/,T/,T/,C/,T/
Supercontig_1.7,14698,GTATAATTATTCTTATGTGC,intergenic,CLUG_05236,T,[C],T/,T/,T/,C/,T/,T/,T/,T/,T/,T/,T/,C/
Supercontig_1.7,284866,GATCTGAATGATGTAAAGCT,intergenic,CLUG_05374,G,[A],A/,A/,A/,G/,A/,A/,A/,A/,A/,A/,A/,G/
Supercontig_1.7,453816,TCCGGGCGCACCGGCCGAAC,missense_variant,CLUG_05462,A,[C],A/,C/,A/,A/,C/,A/,A/,A/,A/,A/,A/,A/
Supercontig_1.7,485670,CGGCGTGCGAAGCACATGTC,intergenic,CLUG_05474,A,[C],A/,A/,A/,A/,A/,A/,C/,A/,A/,C/,A/,A/
Supercontig_1.8,69073,AATGTGAGTAAACGATCCAC,intergenic,CLUG_05619,A,[T],T/,A/,T/,A/,T/,T/,T/,T/,T/,T/,T/,T/
Supercontig_1.1,867,ATCTCATACACACGCGGCAT,intergenic,CLUG_00001,A,[C],A/,C/,A/,A/,A/,A/,A/,A/,A/,A/,A/,A/
Supercontig_1.1,239144,TGGCCACAATGACTCCGGAA,missense_variant,CLUG_00123,T,[C],T/,T/,T/,T/,T/,T/,T/,T/,T/,T/,C/,T/
Supercontig_1.1,271233,TTGAGGTTGCAAAGTTGAAG,missense_variant,CLUG_00140,C,[A],C/,A/,C/,C/,C/,C/,C/,C/,C/,C/,C/,C/
Supercontig_1.1,568440,GGGAGTCAGGGAATGAAAGC,missense_variant,CLUG_00288,G,[T],G/,G/,G/,G/,G/,G/,G/,G/,G/,T/,G/,G/
Supercontig_1.1,592560,AATGTCAGCGCCATGAATAT,intergenic,CLUG_00301,G,[A],G/,G/,G/,G/,G/,G/,A/,G/,G/,G/,G/,G/
Supercontig_1.1,590246,CAGAGGTTTTCTACCAACGA,missense_variant,CLUG_00301,T,[A],T/,T/,A/,T/,T/,T/,T/,T/,T/,T/,T/,T/
Supercontig_1.1,750283,TGAGAAAGGGAGAAAGGGAG,missense_variant,CLUG_00379,G,[A],A/,A/,G/,A/,A/,A/,A/,A/,A/,A/,A/,A/
Supercontig_1.1,999262,CGTTTTGCTGCCCACTATGA,missense_variant,CLUG_00493,G,[T],G/,G/,T/,G/,G/,G/,G/,G/,G/,G/,G/,G/
Supercontig_1.1,1017768,TTAAAGATGACCATGCTCTT,intergenic,CLUG_00504,A,[C],A/,A/,A/,A/,A/,A/,A/,A/,C/,A/,A/,A/
Supercontig_1.1,1098833,ACTACAAAAATTTGCAGAAA,intergenic,CLUG_00542,A,[G],A/,A/,A/,A/,A/,A/,A/,A/,A/,G/,A/,A/
Supercontig_1.1,1108118,TTGCTCTTGAAAACCCCGAA,intergenic,CLUG_00545,A,[G],A/,A/,A/,A/,A/,A/,A/,G/,A/,A/,A/,A/
Supercontig_1.1,1248794,AGTCTTTGAGGGAGATCGTA,synonymous_variant,CLUG_00622,G,[T],G/,G/,G/,G/,G/,G/,G/,G/,G/,T/,G/,G/
Supercontig_1.1,1335357,AACCGCAACCACGTGGTTTT,missense_variant,CLUG_00667,C,[G],C/,C/,C/,C/,G/,C/,C/,C/,C/,C/,C/,C/
Supercontig_1.1,1408974,GTTGTTGTGTTTCTGCTGAG,missense_variant,CLUG_00703,T,[C],T/,T/,T/,T/,T/,T/,T/,T/,T/,C/,T/,T/
Supercontig_1.1,1601766,TGATGCTGCGTCACTTTGCT,synonymous_variant,CLUG_00790,G,[A],G/,G/,A/,G/,G/,G/,G/,G/,G/,G/,G/,G/
Supercontig_1.1,1706222,GAATACTCTCAGAAGACTTT,intergenic,CLUG_00840,C,[G],C/,C/,C/,G/,C/,C/,C/,C/,C/,C/,C/,C/
Supercontig_1.1,1706274,AAAGACCCTTCTAACCTTGT,intergenic,CLUG_00840,T,[G],T/,T/,T/,G/,T/,T/,T/,T/,T/,T/,T/,T/
Supercontig_1.1,1759561,CGACAAACACGGGTGTCTTC,intergenic,CLUG_00864,C,[T],C/,C/,C/,C/,C/,C/,C/,C/,C/,T/,C/,C/
Supercontig_1.1,1851947,TTCACCGATTTTTGTCGCCT,intergenic,CLUG_00909,T,[A],T/,T/,T/,T/,T/,T/,T/,T/,A/,T/,T/,T/
Supercontig_1.1,2060881,GTCGTTAAACCAGAAATCAT,missense_variant,CLUG_01018,C,[T],C/,T/,C/,C/,C/,C/,C/,C/,C/,C/,C/,C/
Supercontig_1.1,2093321,TTGAACCCTGCTAGATCTTT,intergenic,CLUG_01032,G,[C],G/,C/,G/,G/,G/,G/,G/,G/,G/,G/,G/,G/
Supercontig_1.1,2129572,ATTGATCTTGGTTTTGAACA,synonymous_variant,CLUG_01051,G,[A],G/,G/,G/,G/,G/,G/,G/,G/,G/,A/,G/,G/
Supercontig_1.1,2217471,GGCTCCATCATGTAGTGCAT,missense_variant,CLUG_01099,A,[T],A/,A/,A/,A/,A/,A/,A/,A/,T/,A/,A/,A/
Supercontig_1.1,2266257,AAGCAGCGCAACAGCTTCAA,missense_variant,CLUG_01123,A,[G],A/,A/,G/,A/,A/,A/,A/,A/,A/,A/,A/,A/
Supercontig_1.1,2388285,AATTGCCAAGGGAAGGATTG,intergenic,CLUG_01189,G,[A],A/,A/,A/,A/,A/,A/,A/,A/,A/,G/,A/,A/
Supercontig_1.1,2388265,GCACATCGGTGAACAAACCG,intergenic,CLUG_01189,T,[C],C/,C/,C/,C/,C/,C/,C/,C/,C/,T/,C/,C/
Supercontig_1.1,2386288,TCATCAGCTCGCGTGTGTAG,synonymous_variant,CLUG_01191,C,[A],A/,A/,A/,A/,A/,A/,A/,A/,A/,C/,A/,A/
Supercontig_1.1,2386600,TTTGGGAACCGAGGATAATT,synonymous_variant,CLUG_01191,C,[A],A/,A/,A/,A/,A/,A/,A/,A/,A/,C/,A/,A/
Supercontig_1.1,2386286,CTTCATCAGCTCGCGTGTGT,missense_variant,CLUG_01191,C,[T],T/,T/,T/,T/,T/,T/,T/,T/,T/,C/,T/,T/
Supercontig_1.1,2386309,ATGTCGCCCCTTCCAACTGC,synonymous_variant,CLUG_01191,C,[T],T/,T/,T/,T/,T/,T/,T/,T/,T/,C/,T/,T/
Supercontig_1.1,2391475,ATTAACGATGGCATGAGTAA,intergenic,CLUG_01192,G,[T],T/,T/,T/,T/,T/,T/,T/,T/,T/,G/,T/,T/
Supercontig_1.1,2390908,ACGCTGTCCGCCCTGAACAT,synonymous_variant,CLUG_01194,G,[A],A/,A/,A/,A/,A/,A/,A/,A/,A/,G/,A/,A/
Supercontig_1.1,2390944,TGCCAAGGTGAAAGCAATAC,synonymous_variant,CLUG_01194,G,[A],A/,A/,A/,A/,A/,A/,A/,A/,A/,G/,A/,A/
Supercontig_1.1,2390974,GGCAATTTTGGAAAGACGGT,synonymous_variant,CLUG_01194,G,[T],T/,T/,T/,T/,T/,T/,T/,T/,T/,G/,T/,T/
Supercontig_1.1,2392443,CGAGCCATACGGAGATTGTC,missense_variant,CLUG_01195,C,[T],T/,T/,T/,T/,T/,T/,T/,T/,T/,C/,T/,T/
Supercontig_1.1,2394056,TAGATGGAGATGGAACATCT,missense_variant,CLUG_01197,A,[C],C/,C/,C/,C/,C/,C/,C/,C/,C/,A/,C/,C/
Supercontig_1.1,2402902,GTTTCACAACACACTAAAAT,intergenic,CLUG_01197,C,[A],A/,A/,A/,A/,A/,A/,A/,A/,A/,C/,A/,A/
Supercontig_1.1,2398491,AGCGTTGATGGTGTCTGGGT,synonymous_variant,CLUG_01197,G,[A],A/,A/,A/,A/,A/,A/,A/,A/,A/,G/,A/,A/
Supercontig_1.1,2403541,TTTCTGAAGGTATACTTCAA,intergenic,CLUG_01197,G,[C],C/,C/,C/,C/,C/,C/,C/,C/,C/,G/,C/,C/
Supercontig_1.1,2393964,CCCAACAGTTGTCGTAATGA,synonymous_variant,CLUG_01197,T,[A],A/,A/,A/,A/,A/,A/,A/,A/,A/,T/,A/,A/
Supercontig_1.1,2401987,ACAAAGGAATATTTTTTGAA,intergenic,CLUG_01197,T,[A],A/,A/,A/,A/,A/,A/,A/,A/,A/,T/,A/,A/
Supercontig_1.1,2393972,TTGTCGTAATGACAGTCACA,missense_variant,CLUG_01197,T,[C],C/,C/,C/,C/,C/,C/,C/,C/,C/,T/,C/,C/
Supercontig_1.1,2397723,AGAAAGACGTGCAGTTCTAG,synonymous_variant,CLUG_01197,T,[C],C/,C/,C/,C/,C/,C/,C/,C/,C/,T/,C/,C/
Supercontig_1.1,2401957,GAAGCAAGATAAACACACAC,intergenic,CLUG_01197,T,[G],G/,G/,G/,G/,G/,G/,G/,G/,G/,T/,G/,G/
Supercontig_1.1,2405128,TGAACACGAAAAGGCACGCA,synonymous_variant,CLUG_01200,A,[G],G/,G/,G/,G/,G/,G/,G/,G/,G/,A/,G/,G/
Supercontig_1.1,2404780,GATTGTGTTTAATTTGGGTG,synonymous_variant,CLUG_01200,T,[C],C/,C/,C/,C/,C/,C/,C/,C/,C/,T/,C/,C/
Supercontig_1.1,2405230,ATTTGAAATTGAGTACGGAA,synonymous_variant,CLUG_01200,T,[C],C/,C/,C/,C/,C/,C/,C/,C/,C/,T/,C/,C/
Supercontig_1.1,2406232,AATTTTGCCAACCTTTTTCC,intergenic,CLUG_01201,A,[C],C/,C/,C/,C/,C/,C/,C/,C/,C/,A/,C/,C/
Supercontig_1.1,2406608,CTCTGGGAAAGAGGATGTGA,missense_variant,CLUG_01201,A,[T],T/,T/,T/,T/,T/,T/,T/,T/,T/,A/,T/,T/
Supercontig_1.1,2406713,TCAGGTAAACGATTTTGCCG,synonymous_variant,CLUG_01201,C,[T],T/,T/,T/,T/,T/,T/,T/,T/,T/,C/,T/,T/
Supercontig_1.1,2406699,ACTCCCAACGGCGCTCAGGT,missense_variant,CLUG_01201,G,[A],A/,A/,A/,A/,A/,A/,A/,A/,A/,G/,A/,A/
Supercontig_1.1,2408838,CTCTAGTTGTGTGTTTCTTC,synonymous_variant,CLUG_01202,T,[C],C/,C/,C/,C/,C/,C/,C/,C/,C/,T/,C/,C/
Supercontig_1.1,2408859,TGATAAACCTCTCAAGCCAG,synonymous_variant,CLUG_01202,T,[C],C/,C/,C/,C/,C/,C/,C/,C/,C/,T/,C/,C/
Supercontig_1.1,2412902,TGATTTCAACACCTTTTATT,synonymous_variant,CLUG_01204,C,[T],T/,T/,T/,T/,T/,T/,T/,T/,T/,C/,T/,T/
Supercontig_1.1,2410232,GACACAGCCTTTGAGAATAT,intergenic,CLUG_01204,T,[C],C/,C/,C/,C/,C/,C/,C/,C/,C/,T/,C/,C/
Supercontig_1.1,2411621,TGGAGGGTGTAATTGCATGT,intergenic,CLUG_01204,T,[G],G/,G/,G/,G/,G/,G/,G/,G/,G/,T/,G/,G/
Supercontig_1.1,2414395,AGATCCGACAAAAACAAGAC,synonymous_variant,CLUG_01205,A,[G],G/,G/,G/,G/,G/,G/,G/,G/,G/,A/,G/,G/
Supercontig_1.1,2414401,GACAAAAACAAGACAAGATC,synonymous_variant,CLUG_01205,A,[G],G/,G/,G/,G/,G/,G/,G/,G/,G/,A/,G/,G/
Supercontig_1.1,2414555,GAATCACGGACTATAACTTC,missense_variant,CLUG_01205,A,[G],G/,G/,G/,G/,G/,G/,G/,G/,G/,A/,G/,G/
Supercontig_1.1,2414587,TCAATTGGCAACTTCCAGGC,synonymous_variant,CLUG_01205,A,[G],G/,G/,G/,G/,G/,G/,G/,G/,G/,A/,G/,G/
Supercontig_1.1,2414000,CCTATCACAACACTTGAGAT,missense_variant,CLUG_01205,A,[T],T/,T/,T/,T/,T/,T/,T/,T/,T/,A/,T/,T/
Supercontig_1.1,2414018,ATAGAATGCCTCGAAACTAG,missense_variant,CLUG_01205,C,[A],C/,C/,C/,A/,C/,C/,C/,C/,C/,C/,C/,C/
Supercontig_1.1,2413974,CAGAAATCACCAACGAGTCC,missense_variant,CLUG_01205,C,[T],T/,T/,T/,T/,T/,T/,T/,T/,T/,C/,T/,T/
Supercontig_1.1,2413975,AGAAATCACCAACGAGTCCT,synonymous_variant,CLUG_01205,C,[T],T/,T/,T/,T/,T/,T/,T/,T/,T/,C/,T/,T/
Supercontig_1.1,2414411,AGACAAGATCCGTCCTTTAA,missense_variant,CLUG_01205,C,[T],T/,T/,T/,T/,T/,T/,T/,T/,T/,C/,T/,T/
Supercontig_1.1,2414129,CATGAAAACGGCACTATCTA,missense_variant,CLUG_01205,G,[A],A/,A/,A/,A/,A/,A/,A/,A/,A/,G/,A/,A/
Supercontig_1.1,2414339,TCTTCTCTTGCGTTGGAGGT,missense_variant,CLUG_01205,G,[A],A/,A/,A/,A/,A/,A/,A/,A/,A/,G/,A/,A/
Supercontig_1.1,2414345,CTTGCGTTGGAGGTTGAACC,missense_variant,CLUG_01205,G,[A],A/,A/,A/,A/,A/,A/,A/,A/,A/,G/,A/,A/
Supercontig_1.1,2414356,GGTTGAACCGAGTCAATCAA,synonymous_variant,CLUG_01205,G,[A],A/,A/,A/,A/,A/,A/,A/,A/,A/,G/,A/,A/
Supercontig_1.1,2414570,ACTTCTTCTGCAGATGATCA,missense_variant,CLUG_01205,G,[A],A/,A/,A/,A/,A/,A/,A/,A/,A/,G/,A/,A/
Supercontig_1.1,2414328,GGGACTTCAGTTCTTCTCTT,missense_variant,CLUG_01205,G,[A],A/,A/,A/,A/,A/,A/,A/,A/,A/,G/,A/,A/
Supercontig_1.1,2414130,ATGAAAACGGCACTATCTAC,missense_variant,CLUG_01205,G,[T],T/,T/,T/,T/,T/,T/,T/,T/,T/,G/,T/,T/
Supercontig_1.1,2414004,TCACAACACTTGAGATAGAA,missense_variant,CLUG_01205,T,[A],A/,A/,A/,A/,A/,A/,A/,A/,A/,T/,A/,A/
Supercontig_1.1,2413774,AAGCAGCTATGTCTTGCCAA,intergenic,CLUG_01205,T,[C],C/,C/,C/,C/,C/,C/,C/,C/,C/,T/,C/,C/
Supercontig_1.1,2414074,TGTCTTTTCTGGAACAGATC,synonymous_variant,CLUG_01205,T,[C],C/,C/,C/,C/,C/,C/,C/,C/,C/,T/,C/,C/
Supercontig_1.1,2414115,GTCATGTTTTTAAGCATGAA,missense_variant,CLUG_01205,T,[C],C/,C/,C/,C/,C/,C/,C/,C/,C/,T/,C/,C/
Supercontig_1.1,2414559,CACGGACTATAACTTCTTCT,missense_variant,CLUG_01205,T,[C],C/,C/,C/,C/,C/,C/,C/,C/,C/,T/,C/,C/
Supercontig_1.1,2417667,AGAGATAACATTACCATTCT,missense_variant,CLUG_01206,A,[C],C/,C/,C/,C/,C/,C/,C/,C/,C/,A/,C/,C/
Supercontig_1.1,2415771,GCTTCTGCTACTTTAAGGTC,intergenic,CLUG_01206,A,[G],G/,G/,G/,G/,G/,G/,G/,G/,G/,A/,G/,G/
Supercontig_1.1,2417621,AGACAGCGGATGGGGTCCAG,synonymous_variant,CLUG_01206,A,[T],T/,T/,T/,T/,T/,T/,T/,T/,T/,A/,T/,T/
Supercontig_1.1,2417733,TCAACAACTAATGAGCCGAT,missense_variant,CLUG_01206,A,[T],T/,T/,T/,T/,T/,T/,T/,T/,T/,A/,T/,T/
Supercontig_1.1,2417566,ATACTCTTTCTTTACCTTGC,missense_variant,CLUG_01206,C,[A],A/,A/,A/,A/,A/,A/,A/,A/,A/,C/,A/,A/
Supercontig_1.1,2415742,CTGAGATCCCATCAACGACT,intergenic,CLUG_01206,C,[T],T/,T/,T/,T/,T/,T/,T/,T/,T/,C/,T/,T/
Supercontig_1.1,2415755,AACGACTACGTATTCTGCTT,intergenic,CLUG_01206,G,[A],A/,A/,A/,A/,A/,A/,A/,A/,A/,G/,A/,A/
Supercontig_1.1,2415909,GGTGAATCAGAATCGACTAT,intergenic,CLUG_01206,G,[A],A/,A/,A/,A/,A/,A/,A/,A/,A/,G/,A/,A/
Supercontig_1.1,2415914,ATCAGAATCGACTATATTTT,intergenic,CLUG_01206,G,[A],A/,A/,A/,A/,A/,A/,A/,A/,A/,G/,A/,A/
Supercontig_1.1,2416618,ATGTTCCTAGTGAAGTAAGT,missense_variant,CLUG_01206,G,[A],A/,A/,A/,A/,A/,A/,A/,A/,A/,G/,A/,A/
Supercontig_1.1,2415845,TGTTCAATCTGCTAGGGTTG,intergenic,CLUG_01206,T,[C],C/,C/,C/,C/,C/,C/,C/,C/,C/,T/,C/,C/
Supercontig_1.1,2415869,ATCTTCCGATGTTCAAAATT,intergenic,CLUG_01206,T,[C],C/,C/,C/,C/,C/,C/,C/,C/,C/,T/,C/,C/
Supercontig_1.1,2416587,TCAACTTCATCTTTTATTTC,missense_variant,CLUG_01206,T,[C],C/,C/,C/,C/,C/,C/,C/,C/,C/,T/,C/,C/
Supercontig_1.1,2416619,TGTTCCTAGTGAAGTAAGTC,missense_variant,CLUG_01206,T,[G],G/,G/,G/,G/,G/,G/,G/,G/,G/,T/,G/,G/
Supercontig_1.1,2417703,GCGTCTACATATGTCGATTT,missense_variant,CLUG_01206,T,[G],G/,G/,G/,G/,G/,G/,G/,G/,G/,T/,G/,G/
Supercontig_1.2,24292,AGCCCGAGGAACTTTGTCTA,synonymous_variant,CLUG_01220,A,[C],A/,A/,A/,A/,A/,C/,A/,A/,A/,A/,A/,A/
Supercontig_1.2,368710,CATTGCAAAACGTCAACGTA,intergenic,CLUG_01388,A,[C],A/,A/,A/,A/,A/,A/,A/,A/,A/,C/,A/,A/
Supercontig_1.2,436121,AAGCTCAAGCGATCCCCTGG,missense_variant,CLUG_01425,C,[A],C/,C/,C/,C/,C/,C/,C/,A/,C/,C/,C/,C/
Supercontig_1.2,620575,TTTCGGCGGACCATTTTTCA,missense_variant,CLUG_01511,A,[C],A/,A/,A/,C/,A/,A/,A/,A/,A/,A/,A/,A/
Supercontig_1.2,702751,CAACTAATAGTTCTCTGCTT,synonymous_variant,CLUG_01562,G,[A],G/,A/,G/,G/,G/,G/,G/,G/,G/,G/,G/,G/
Supercontig_1.2,731372,TCATCTCTGAGCTTCTTTAT,intergenic,CLUG_01573,A,[C],A/,A/,A/,C/,A/,A/,A/,A/,A/,A/,A/,A/
Supercontig_1.2,895722,CATTTGTGGGACTTGGAAAT,synonymous_variant,CLUG_01664,G,[A],G/,G/,G/,G/,G/,G/,G/,A/,G/,G/,G/,G/
Supercontig_1.2,915509,CAATGTTACCGGGAAAAGTA,missense_variant,CLUG_01675,C,[G],C/,C/,C/,C/,C/,C/,C/,C/,C/,C/,G/,C/
Supercontig_1.2,989761,CCAACTGGCCAAGAGACTAT,missense_variant,CLUG_01715,C,[G],C/,C/,C/,C/,C/,C/,C/,G/,C/,C/,C/,C/
Supercontig_1.2,1506458,ACAAAGGGTCCTTCTTGGGC,missense_variant,CLUG_01961,C,[A],C/,C/,C/,C/,C/,C/,C/,C/,C/,C/,A/,C/
Supercontig_1.2,1518935,ACAAGAGAAGGAAACTTCAC,intergenic,CLUG_01966,G,[A],G/,G/,G/,G/,G/,G/,G/,G/,G/,G/,G/,A/
Supercontig_1.2,1642647,CATACATTGGCCCAACAAAA,intergenic,CLUG_02022,G,[T],G/,G/,G/,G/,G/,G/,G/,G/,G/,T/,G/,G/
Supercontig_1.2,1705655,CATCAAAATGCTAGTGTAGT,intergenic,CLUG_02050,G,[A],G/,G/,G/,A/,G/,G/,G/,G/,G/,G/,G/,G/
Supercontig_1.2,1711571,ACACCACGATGAAACCCGTA,intergenic,CLUG_02052,T,[A],T/,T/,T/,T/,T/,T/,T/,T/,T/,T/,T/,A/
Supercontig_1.2,1755697,TCTCTCCTGCATACACCGCT,missense_variant,CLUG_02077,C,[T],C/,C/,C/,C/,C/,C/,C/,C/,C/,T/,C/,C/
Supercontig_1.2,1895124,TAAACCACTAAACCAATTAT,intergenic,CLUG_02148,A,[C],C/,A/,C/,C/,C/,C/,C/,C/,C/,C/,C/,C/
Supercontig_1.2,1992417,TATACAACAAGCCTTGCTCG,intergenic,CLUG_02197,A,[C],A/,A/,A/,A/,A/,A/,A/,C/,A/,A/,A/,A/
Supercontig_1.2,2013662,GAGCGCTTGCCGCTGCGCCG,synonymous_variant,CLUG_02208,C,[A],C/,C/,C/,C/,C/,C/,C/,A/,C/,C/,C/,C/
Supercontig_1.3,85809,GGTGGTCACGGACTCTAGCA,missense_variant,CLUG_02336,G,[A],G/,G/,A/,G/,G/,G/,G/,G/,G/,G/,G/,G/
Supercontig_1.3,108338,GGCAGCATCGAAAATTAGCG,intergenic,CLUG_02344,G,[C],G/,G/,C/,G/,G/,G/,G/,G/,G/,G/,G/,G/
Supercontig_1.3,150450,AATGAGGAAGTTGATTTAGC,missense_variant,CLUG_02369,G,[T],G/,G/,G/,G/,G/,G/,G/,G/,G/,G/,G/,T/
Supercontig_1.3,168275,CACACAGTCGACAGGAAAAA,synonymous_variant,CLUG_02379,G,[T],G/,G/,G/,G/,G/,G/,G/,G/,G/,T/,G/,G/
Supercontig_1.3,341742,CTTCGTTGCGCCTTTAAATG,intergenic,CLUG_02468,G,[A],G/,G/,A/,G/,G/,G/,G/,G/,G/,G/,G/,G/
Supercontig_1.3,812723,CAAACAACTGCATCAATTTA,intergenic,CLUG_02711,G,[T],G/,T/,G/,G/,G/,G/,G/,G/,G/,G/,G/,G/
Supercontig_1.3,809930,CACTTTATCACGAATTTTGC,intergenic,CLUG_02712,A,[T],A/,A/,A/,T/,A/,A/,A/,A/,A/,A/,A/,A/
Supercontig_1.3,1241649,CTATTGTTGATCCTCCTGCT,missense_variant,CLUG_02910,A,[C],A/,A/,A/,A/,A/,A/,A/,A/,C/,A/,A/,A/
Supercontig_1.3,1273321,TTCGTTGCCCTCTGTGGCCA,missense_variant,CLUG_02919,C,[T],C/,C/,C/,C/,C/,C/,T/,C/,C/,C/,C/,C/
Supercontig_1.3,1273087,CGGTTTGTCCACTCCGTTCC,missense_variant,CLUG_02919,C,[G],C/,C/,C/,C/,C/,C/,C/,C/,C/,C/,G/,C/
Supercontig_1.3,1274077,CATGTTTGGTGCTGCTTCCA,missense_variant,CLUG_02919,T,[C],T/,T/,T/,T/,T/,T/,T/,T/,T/,T/,C/,T/
Supercontig_1.3,1321273,CGAAACCAGTCAACCAGTCA,intergenic,CLUG_02943,T,[G],T/,T/,G/,T/,T/,T/,T/,T/,T/,T/,T/,T/
Supercontig_1.3,1344019,ATAGAGAATATAGACAAGAG,intergenic,CLUG_02956,A,[T],A/,A/,A/,A/,A/,A/,A/,A/,A/,A/,A/,T/
Supercontig_1.3,1387520,GTTCGGTACTTCTTTGACAA,missense_variant,CLUG_02979,T,[A],T/,A/,T/,T/,T/,T/,T/,T/,T/,T/,T/,T/
Supercontig_1.3,1721522,CTCCCTTCAGTTTCCAGAGA,intergenic,CLUG_03127,G,[C],G/,G/,C/,G/,G/,G/,G/,G/,G/,G/,G/,G/
Supercontig_1.3,1756220,CATTTCTAAACCATCATTTG,intergenic,CLUG_03143,A,[C],A/,A/,A/,C/,A/,A/,A/,A/,A/,A/,A/,A/
Supercontig_1.4,1064,TCACATCAAGGATCGTCTCC,intergenic,CLUG_03197,G,[A],A/,A/,A/,A/,A/,A/,A/,A/,A/,A/,G/,A/
Supercontig_1.4,1656,GTGCGTTTCACCAGCACTTT,intergenic,CLUG_03197,A,[T],A/,A/,A/,A/,A/,A/,A/,A/,A/,A/,T/,A/
Supercontig_1.4,2833,ATCTTTCTTCCGCTACTTTC,intergenic,CLUG_03197,C,[A],C/,C/,C/,C/,C/,C/,C/,C/,C/,C/,A/,C/
Supercontig_1.4,2786,ACTGAAATGCCACTTGAACG,intergenic,CLUG_03197,C,[T],C/,C/,C/,C/,C/,C/,C/,C/,C/,C/,T/,C/
Supercontig_1.4,1073,GGATCGTCTCCCACCTCTTT,intergenic,CLUG_03197,C,[T],T/,T/,T/,T/,T/,T/,T/,T/,T/,T/,C/,T/
Supercontig_1.4,10773,TGCAGTTATCATGTGGCCAG,intergenic,CLUG_03200,C,[A],C/,C/,C/,C/,A/,C/,C/,C/,C/,C/,C/,C/
Supercontig_1.4,38522,AACTATTAAAGTATCTTCGG,intergenic,CLUG_03213,A,[C],C/,C/,C/,C/,C/,C/,C/,A/,C/,C/,C/,C/
Supercontig_1.4,46618,TTGGACCAAAGATGTATAAG,synonymous_variant,CLUG_03219,A,[T],A/,A/,A/,A/,A/,A/,A/,T/,A/,A/,A/,A/
Supercontig_1.4,48977,GCACGGGCCTTCTTGGCCTC,missense_variant,CLUG_03220,T,[G],T/,T/,T/,T/,G/,T/,T/,T/,T/,T/,T/,T/
Supercontig_1.4,80223,ACAGTGTTGTTCAATTCCTT,intergenic,CLUG_03234,T,[C],T/,T/,T/,T/,T/,T/,T/,T/,T/,T/,T/,C/
Supercontig_1.4,79465,ACAAGCGTCTGGTTGCCGGG,intergenic,CLUG_03234,T,[G],T/,T/,T/,G/,T/,T/,T/,T/,T/,T/,T/,T/
Supercontig_1.4,135122,ATGTCAGAAGCATTGGCTCT,missense_variant,CLUG_03258,G,[T],G/,G/,G/,G/,T/,G/,G/,G/,G/,G/,G/,G/
Supercontig_1.4,157466,AAGTAATGGTTCTCTTGATT,synonymous_variant,CLUG_03269,T,[A],T/,T/,T/,T/,T/,T/,T/,T/,T/,T/,T/,A/
Supercontig_1.4,163481,TGAATGGCGTCTGCGTAATG,missense_variant,CLUG_03272,T,[G],T/,G/,T/,T/,T/,T/,T/,T/,T/,T/,T/,T/
Supercontig_1.4,166601,TGGATCTCGAGGCCGCGGCG,missense_variant,CLUG_03274,A,[C],A/,A/,A/,C/,A/,A/,A/,A/,A/,A/,A/,A/
Supercontig_1.4,170485,ACTCAAACCACCACCATTAC,missense_variant,CLUG_03274,A,[C],A/,A/,A/,A/,A/,A/,A/,C/,A/,A/,A/,A/
Supercontig_1.4,278835,TCCAGCTCAACAGAACCGAC,missense_variant,CLUG_03324,A,[G],A/,A/,A/,A/,A/,A/,A/,A/,G/,A/,A/,A/
Supercontig_1.4,299462,ATGTCGATAACTGCTCTTAC,intergenic,CLUG_03335,A,[C],A/,A/,A/,A/,A/,A/,A/,C/,A/,A/,A/,A/
Supercontig_1.4,303507,TCTGTTAATACTGTGATGTC,intergenic,CLUG_03336,A,[G],A/,A/,A/,G/,A/,A/,A/,A/,A/,A/,A/,A/
Supercontig_1.4,341171,GATGGAAGACTGGGGATTGG,intergenic,CLUG_03359,C,[G],C/,C/,C/,G/,C/,C/,C/,C/,C/,C/,C/,C/
Supercontig_1.4,414066,AGAGCAGAGCAGCATTTGAT,intergenic,CLUG_03397,C,[A],C/,C/,C/,C/,A/,C/,C/,C/,C/,C/,C/,C/
Supercontig_1.4,414366,ATAGCTAATGGTTGTTCAAT,intergenic,CLUG_03397,G,[T],G/,G/,G/,T/,G/,G/,G/,G/,G/,G/,G/,G/
Supercontig_1.4,422238,AAATACATCCATAGGTTGGG,intergenic,CLUG_03398,C,[G],C/,C/,C/,C/,C/,C/,C/,C/,C/,C/,G/,C/
Supercontig_1.4,574074,AATAATCTTCCTTCCTCTTG,missense_variant,CLUG_03472,C,[T],C/,C/,C/,C/,C/,C/,C/,C/,C/,C/,C/,T/
Supercontig_1.4,658394,GGAAACACTCACTTCCAAGA,intergenic,CLUG_03515,C,[A],C/,C/,C/,C/,C/,A/,C/,C/,C/,C/,C/,C/
Supercontig_1.4,693318,AAAATATCAAATTCATTGCT,missense_variant,CLUG_03537,A,[T],A/,A/,A/,T/,A/,A/,A/,A/,A/,A/,A/,A/
Supercontig_1.4,898746,ACCTCCAGAACGCAAAATAA,intergenic,CLUG_03654,A,[C],A/,A/,A/,A/,A/,C/,A/,A/,A/,A/,A/,A/
Supercontig_1.4,955750,GGATATTTCGACCTGTCTGA,missense_variant,CLUG_03685,G,[A],G/,G/,G/,G/,G/,G/,A/,G/,G/,G/,G/,G/
Supercontig_1.4,1155894,TTGGAAAGCGTGAAAGTAGC,missense_variant,CLUG_03791,G,[A],G/,G/,G/,G/,G/,G/,G/,G/,G/,G/,A/,G/
Supercontig_1.4,1362590,CACGATGTCGTCACGAACCC,synonymous_variant,CLUG_03903,G,[C],G/,G/,G/,G/,G/,G/,G/,G/,C/,G/,G/,G/
Supercontig_1.4,1418268,AAATCCTCACAAGATGCCTA,intergenic,CLUG_03925,C,[A],C/,C/,A/,C/,C/,C/,C/,C/,C/,C/,C/,C/
Supercontig_1.4,1440948,AGGAAAGGTGGTGTTTTTGC,synonymous_variant,CLUG_03942,G,[T],G/,T/,G/,G/,G/,G/,G/,G/,G/,G/,G/,G/
Supercontig_1.4,1516483,TGGGTTCTTGGAAGTGTTGA,missense_variant,CLUG_03981,G,[T],G/,G/,G/,G/,T/,G/,G/,G/,G/,G/,G/,G/
Supercontig_1.4,1532607,CTGACTATCTCAGGTAACTC,intergenic,CLUG_03983,T,[C],T/,T/,T/,T/,T/,T/,T/,T/,T/,T/,T/,C/
Supercontig_1.4,1541030,GACAGCTGCTCCATGGGCGC,synonymous_variant,CLUG_03988,T,[C],T/,C/,T/,T/,T/,T/,T/,T/,T/,T/,T/,T/
Supercontig_1.4,1646575,CTTGGTCTCTTCCAGAGATA,stop_gained,CLUG_04037,T,[A],T/,T/,T/,T/,T/,T/,T/,T/,A/,T/,T/,T/
Supercontig_1.4,1725171,AACTTATGGACGCACTAACA,intergenic,CLUG_04069,A,[C],A/,A/,A/,A/,A/,A/,A/,A/,A/,C/,A/,A/
Supercontig_1.4,1741128,CTAAAACGCAGCTATAAGAA,intergenic,CLUG_04077,A,[G],A/,A/,A/,A/,A/,A/,A/,A/,A/,A/,A/,G/
Supercontig_1.4,1752432,CTTGACTGCAAGTTGTGCAA,intergenic,CLUG_04084,A,[T],A/,A/,A/,T/,A/,A/,A/,A/,A/,A/,A/,A/
Supercontig_1.4,1752461,TCAAAGAAGCATCCCCATGC,intergenic,CLUG_04084,C,[T],C/,C/,C/,T/,C/,C/,C/,C/,C/,C/,C/,C/
Supercontig_1.5,10738,TGGCGAAAGAGCTGGCTACA,intergenic,CLUG_04108,A,[C],A/,A/,A/,A/,A/,A/,A/,A/,A/,A/,C/,A/
Supercontig_1.5,11423,TTAGCCGAAAGAGGAAGGCC,missense_variant,CLUG_04108,A,[C],A/,A/,C/,A/,A/,A/,A/,A/,A/,A/,A/,A/
Supercontig_1.5,115333,TTCCTACAGGCTCAAACAAA,intergenic,CLUG_04158,G,[T],G/,G/,G/,G/,G/,G/,T/,G/,G/,G/,G/,G/
Supercontig_1.5,121215,AGAAGGGTGTTCAGTCGAAC,missense_variant,CLUG_04160,T,[A],T/,T/,T/,T/,T/,T/,A/,T/,T/,T/,T/,T/
Supercontig_1.5,139815,GGTCAAGGGGTAAAAGCGTC,intergenic,CLUG_04166,G,[C],G/,G/,G/,G/,G/,C/,G/,G/,G/,G/,G/,G/
Supercontig_1.5,169063,CTAAAGATAGATAACTTAAA,intergenic,CLUG_04180,G,[T],G/,G/,G/,G/,G/,G/,T/,G/,G/,G/,G/,G/
Supercontig_1.5,176174,TTTTATAGAATGACTTGCCG,intergenic,CLUG_04183,A,[T],T/,T/,T/,T/,T/,T/,T/,T/,T/,T/,A/,T/
Supercontig_1.5,181231,GTACATATAAATAAACTGAG,intergenic,CLUG_04187,A,[G],A/,A/,A/,A/,A/,A/,A/,A/,A/,A/,G/,A/
Supercontig_1.5,213093,ATTAAAGATATTCAATTCTC,intergenic,CLUG_04204,A,[C],A/,A/,A/,A/,A/,A/,A/,C/,A/,A/,A/,A/
Supercontig_1.5,229936,TCAATGGTCCATACACCTTT,intergenic,CLUG_04213,C,[A],C/,C/,C/,C/,A/,C/,C/,C/,C/,C/,C/,C/
Supercontig_1.5,267941,CTCAAGCACAACGATGATGT,synonymous_variant,CLUG_04231,A,[T],A/,A/,A/,A/,A/,A/,A/,A/,A/,A/,A/,T/
Supercontig_1.5,301319,TTGTCGCCGCCTTTGCATTG,missense_variant,CLUG_04247,C,[T],C/,C/,C/,C/,C/,C/,C/,C/,C/,C/,T/,C/
Supercontig_1.5,387960,ACCTTGATGGACGGAATGTT,intergenic,CLUG_04291,G,[T],G/,G/,G/,G/,G/,G/,G/,G/,G/,T/,G/,G/
Supercontig_1.5,447850,GTGTCAATTTAAGTTTACAA,intergenic,CLUG_04313,T,[G],G/,G/,G/,G/,G/,G/,G/,G/,G/,G/,G/,T/
Supercontig_1.5,445918,AATTATACACGTTTTCGACA,missense_variant,CLUG_04314,C,[T],C/,C/,C/,C/,C/,C/,C/,C/,T/,C/,C/,C/
Supercontig_1.5,660637,CACTCGCCAGAGAATGAAGA,missense_variant,CLUG_04422,G,[T],G/,G/,T/,G/,G/,G/,G/,G/,G/,G/,G/,G/
Supercontig_1.5,864569,TAACAAAGTGCATTATGAAG,synonymous_variant,CLUG_04517,G,[T],G/,T/,G/,G/,G/,G/,G/,G/,G/,G/,G/,G/
Supercontig_1.5,906077,TGATCGCATCCGTACACCAT,intergenic,CLUG_04543,C,[T],C/,C/,C/,C/,C/,C/,C/,T/,C/,C/,C/,C/
Supercontig_1.5,916449,TTAAGGTATTCAATCCTAGA,missense_variant,CLUG_04548,T,[G],T/,T/,T/,T/,T/,T/,T/,T/,T/,G/,T/,T/
Supercontig_1.5,977603,GAGACCCTTAATGTGTTCAC,missense_variant,CLUG_04585,A,[G],A/,A/,A/,A/,G/,A/,A/,A/,A/,A/,A/,A/
Supercontig_1.5,1143990,TGTTACAAGCATTCTGATTC,intergenic,CLUG_04686,C,[A],C/,C/,A/,C/,C/,C/,C/,C/,C/,C/,C/,C/
Supercontig_1.5,1213138,GTGATGATGGTGGTGACTAT,synonymous_variant,CLUG_04724,G,[A],G/,G/,G/,G/,G/,A/,G/,G/,G/,G/,G/,G/
Supercontig_1.6,116998,TTTATCAGCCTCAGATCTGT,intergenic,CLUG_04881,C,[T],C/,C/,T/,C/,C/,C/,C/,C/,C/,C/,C/,C/
Supercontig_1.6,118959,AGATCGGAACGGAAAACTAA,intergenic,CLUG_04885,C,[A],C/,C/,C/,C/,C/,C/,C/,C/,C/,C/,A/,C/
Supercontig_1.6,124444,ATTTTATATGGTTAAATTGT,intergenic,CLUG_04887,G,[T],G/,G/,G/,G/,G/,G/,G/,G/,T/,G/,G/,G/
Supercontig_1.6,154905,GTTTGGGTGTGAGTTTGGGT,synonymous_variant,CLUG_04901,T,[A],T/,T/,A/,T/,T/,T/,T/,T/,T/,T/,T/,T/
Supercontig_1.6,187402,GTCAATTGTGTCTGGAACAG,intergenic,CLUG_04911,G,[T],G/,G/,G/,G/,T/,G/,G/,G/,G/,G/,G/,G/
Supercontig_1.6,225216,CAGAGAATTTTTTCATTCAG,intergenic,CLUG_04935,T,[A],T/,T/,T/,T/,T/,T/,T/,A/,T/,T/,T/,T/
Supercontig_1.6,366443,AGATTATCTCAAAGAGAAAT,intergenic,CLUG_05004,C,[A],C/,C/,C/,C/,A/,C/,C/,C/,C/,C/,C/,C/
Supercontig_1.6,460578,TTGAAGAGCGCCACCAACTC,missense_variant,CLUG_05053,G,[A],G/,G/,G/,G/,G/,A/,G/,G/,G/,G/,G/,G/
Supercontig_1.6,605419,TCAGCGCATTCAAATTACAA,intergenic,CLUG_05130,T,[C],T/,T/,T/,C/,T/,T/,T/,T/,T/,T/,T/,T/
Supercontig_1.6,610084,TGAGAAAGGTTTTGCATGTT,missense_variant,CLUG_05133,T,[C],T/,T/,T/,T/,T/,T/,T/,C/,T/,T/,T/,T/
Supercontig_1.6,634220,AGACCCAAGACCTGACTACG,intergenic,CLUG_05142,A,[C],A/,A/,C/,A/,A/,A/,A/,A/,A/,A/,A/,A/
Supercontig_1.6,699061,AACGGATTGACACAATATTT,intergenic,CLUG_05173,A,[C],A/,A/,A/,A/,A/,C/,A/,A/,A/,A/,A/,A/
Supercontig_1.6,697269,AAGCGATTGAATAAAGAAGT,missense_variant,CLUG_05177,A,[C],C/,C/,C/,C/,A/,C/,C/,C/,C/,C/,C/,C/
Supercontig_1.6,697312,GACAAGCCATAGTGTTTCAA,start_lost,CLUG_05177,T,[C],C/,C/,C/,C/,T/,C/,C/,C/,C/,C/,C/,C/
Supercontig_1.6,697270,AGCGATTGAATAAAGAAGTT,missense_variant,CLUG_05177,A,[T],T/,T/,T/,T/,A/,T/,T/,T/,T/,T/,T/,T/
Supercontig_1.7,39956,CGCTACAAAAAATAAGAATA,intergenic,CLUG_05248,A,[C],C/,C/,A/,C/,C/,C/,C/,C/,C/,C/,C/,C/
Supercontig_1.7,41463,CTTCGCCCGCACGCTTTGTC,intergenic,CLUG_05248,C,[A],C/,A/,C/,C/,C/,C/,C/,C/,C/,C/,C/,C/
Supercontig_1.7,98079,AATGAGAGAAGGGGACTATG,intergenic,CLUG_05282,A,[T],A/,A/,T/,A/,A/,A/,A/,A/,A/,A/,A/,A/
Supercontig_1.7,131141,TTCTGCTCCAGCACCAGGCC,missense_variant,CLUG_05297,A,[C],A/,A/,C/,A/,A/,A/,A/,A/,A/,A/,A/,A/
Supercontig_1.7,154451,CTCAAGTAATTTGTTTTTCG,intergenic,CLUG_05308,T,[A],A/,A/,T/,A/,A/,A/,A/,A/,A/,A/,A/,A/
Supercontig_1.7,167532,GAGATATACGGAAATACATC,intergenic,CLUG_05316,G,[A],G/,G/,G/,A/,G/,G/,G/,G/,G/,G/,G/,G/
Supercontig_1.7,167550,TCCAAATGCATACATTTACC,intergenic,CLUG_05316,A,[G],A/,A/,A/,G/,A/,A/,A/,A/,A/,A/,A/,A/
Supercontig_1.7,167589,GTAATCAACAACAAATACAG,intergenic,CLUG_05316,A,[T],A/,A/,A/,T/,A/,A/,A/,A/,A/,A/,A/,A/
Supercontig_1.7,183926,CTAACCCCTGATGTAATATT,intergenic,CLUG_05326,G,[T],G/,G/,G/,G/,G/,G/,T/,G/,G/,G/,G/,G/
Supercontig_1.7,189443,CATAACGAAGACGAGAATTG,missense_variant,CLUG_05328,G,[A],G/,G/,A/,G/,G/,G/,G/,G/,G/,G/,G/,G/
Supercontig_1.7,236993,CCTTCTGTTGGTCAAAAGAA,intergenic,CLUG_05352,G,[T],G/,T/,G/,G/,G/,G/,G/,G/,G/,G/,G/,G/
Supercontig_1.7,244634,TTTGAGTTTGCGGACATATT,intergenic,CLUG_05355,G,[T],G/,G/,G/,G/,G/,T/,G/,G/,G/,G/,G/,G/
Supercontig_1.7,268320,TTTTTCATCACTTTCCGAGC,intergenic,CLUG_05366,A,[T],A/,A/,A/,A/,A/,A/,A/,A/,A/,A/,A/,T/
Supercontig_1.7,283918,AAAAAGAACATTTTAACGTC,intergenic,CLUG_05374,A,[C],C/,C/,C/,C/,C/,C/,C/,A/,C/,C/,C/,C/
Supercontig_1.7,299722,CACACGAGAACTACGTCGGA,intergenic,CLUG_05379,A,[C],A/,A/,A/,A/,A/,A/,A/,A/,C/,A/,A/,A/
Supercontig_1.7,294648,CGTGCCTTGTACGCGGCCGA,missense_variant,CLUG_05380,T,[G],T/,T/,T/,G/,T/,T/,T/,T/,T/,T/,T/,T/
Supercontig_1.7,307647,GCGCCACGGTTGAACTTCAA,intergenic,CLUG_05386,T,[A],T/,T/,T/,A/,T/,T/,T/,T/,T/,T/,T/,T/
Supercontig_1.7,334248,GACCCACTGCAATTCTGACT,intergenic,CLUG_05398,C,[T],T/,T/,C/,T/,T/,T/,T/,T/,T/,T/,T/,T/
Supercontig_1.7,334280,TCTCTGTTGCCTTCACCATA,intergenic,CLUG_05398,C,[T],T/,T/,C/,T/,T/,T/,T/,T/,T/,T/,T/,T/
Supercontig_1.7,463806,ACTGATGATGTGGTAGTGAG,intergenic,CLUG_05466,G,[C],G/,C/,G/,G/,G/,G/,G/,G/,G/,G/,G/,G/
Supercontig_1.7,508978,TCGCTAAATATTCTAATAGA,intergenic,CLUG_05482,A,[T],A/,A/,A/,A/,A/,A/,A/,A/,A/,T/,A/,A/
Supercontig_1.7,501842,GTTTTCATGCTTTTAACCCA,intergenic,CLUG_05482,C,[G],C/,C/,C/,C/,C/,C/,C/,C/,C/,G/,C/,C/
Supercontig_1.7,510438,AAATATTTGTGCAGATCCCC,missense_variant,CLUG_05484,T,[G],T/,T/,T/,T/,T/,T/,T/,T/,T/,G/,T/,T/
Supercontig_1.7,530249,CTCTATAAGCGCCTGATAGC,intergenic,CLUG_05490,C,[A],C/,C/,C/,A/,C/,C/,C/,C/,C/,C/,C/,C/
Supercontig_1.7,528464,TTTGGCGGAGCAATAAAGAA,missense_variant,CLUG_05491,G,[C],G/,G/,C/,G/,G/,G/,G/,G/,G/,G/,G/,G/
Supercontig_1.7,562454,CCGCCCGTTCAGGTCGCTCT,missense_variant,CLUG_05504,C,[G],C/,G/,C/,C/,C/,C/,C/,C/,C/,C/,C/,C/
Supercontig_1.7,568225,AGCGCGAGTCGCGGCGTAGA,missense_variant,CLUG_05506,C,[T],C/,C/,T/,C/,C/,C/,C/,C/,C/,C/,C/,C/
Supercontig_1.7,574217,TAGCACGCTTCTCCATATTG,synonymous_variant,CLUG_05510,T,[A],T/,T/,T/,T/,T/,T/,A/,T/,T/,T/,T/,T/
Supercontig_1.7,733729,CTACATTCACTTTGGCGAAC,intergenic,CLUG_05581,C,[T],C/,C/,C/,T/,C/,C/,C/,C/,C/,C/,C/,C/
Supercontig_1.7,730840,AACATCGGTGTTGGGGCCGA,synonymous_variant,CLUG_05583,G,[A],G/,A/,G/,G/,G/,G/,G/,G/,G/,G/,G/,G/
Supercontig_1.8,53193,TGTTACACATTCCAACATCA,intergenic,CLUG_05612,T,[G],T/,T/,T/,T/,T/,T/,T/,T/,G/,T/,T/,T/
Supercontig_1.8,60523,CCCAGTCATAATTCGCAATG,intergenic,CLUG_05615,A,[G],A/,A/,A/,A/,A/,A/,A/,A/,A/,G/,A/,A/
Supercontig_1.8,73860,CACGGTCGACGATAGCGCAT,synonymous_variant,CLUG_05622,C,[T],C/,C/,T/,C/,C/,C/,C/,C/,C/,C/,C/,C/
Supercontig_1.8,138871,CCCACCCACCATATTCTGCG,missense_variant,CLUG_05656,C,[A],C/,C/,C/,C/,C/,C/,C/,C/,C/,A/,C/,C/
Supercontig_1.8,151927,GCCGCATCTTTTGGAGTATA,synonymous_variant,CLUG_05665,T,[A],T/,T/,T/,T/,A/,T/,T/,T/,T/,T/,T/,T/
Supercontig_1.8,227890,GTTGTGTTACATTTATATAA,intergenic,CLUG_05696,C,[T],C/,C/,C/,T/,C/,C/,C/,C/,C/,C/,C/,C/
Supercontig_1.8,313348,GCTCGTTTCCAGTTCATGCT,intergenic,CLUG_05732,C,[G],C/,C/,C/,C/,C/,C/,C/,G/,C/,C/,C/,C/
Supercontig_1.8,353271,CCGTTACTGCCATAGCCACT,intergenic,CLUG_05750,C,[A],C/,C/,C/,C/,C/,A/,C/,C/,C/,C/,C/,C/
Supercontig_1.8,350041,AAGTGTTTCGGGAGAATGGG,missense_variant,CLUG_05750,G,[T],G/,T/,G/,G/,G/,G/,G/,G/,G/,G/,G/,G/
Supercontig_1.8,353265,GCATTTCCGTTACTGCCATA,intergenic,CLUG_05750,T,[G],T/,T/,G/,T/,T/,T/,T/,T/,T/,T/,T/,T/
Supercontig_1.8,375967,AAGTCCACTTTCCAGCGAAG,missense_variant,CLUG_05763,T,[G],T/,T/,T/,G/,T/,T/,T/,T/,T/,T/,T/,T/
Supercontig_1.8,402327,ACTTGCGTCCTCGACCCGTA,missense_variant,CLUG_05774,C,[G],C/,C/,C/,C/,G/,C/,C/,C/,C/,C/,C/,C/
Supercontig_1.8,526067,CTGTTGCGGCCACGATTTTC,missense_variant,CLUG_05837,C,[T],C/,C/,C/,C/,T/,C/,C/,C/,C/,C/,C/,C/
Supercontig_1.8,678839,AAGCCTCTGAAGGAGAAGAG,intergenic,CLUG_05914,A,[G],A/,A/,G/,A/,A/,A/,A/,A/,A/,A/,A/,A/