CHROM,POS,FLANKING,TYPE,GENE,REF,A10.L4C,A11.L11G,A12.L10B,A13.L3B,A14.L4E,A15.L4G,A16.L7C,A17.L1B,A18.S4H,A19.S3B,A2.U10A,A20.S1E,A21.S8A,A3.U3G,A4.U3B,A5.U10D,A6.U5C,A7.U3E,A8.U2E,A9.L3D
Supercontig_1.1,811146,TGCATCACGGCCCGCGCCAG,missense_variant,CLUG_00412,G,A/,G/,G/,G/,G/,G/,G/,G/,G/,G/,G/,G/,G/,G/,G/,G/,G/,G/,G/,G/
Supercontig_1.1,1204177,CACTTGGTGCGAATGAGGTA,missense_variant,CLUG_00597,C,T/,C/,C/,C/,C/,C/,C/,C/,C/,C/,C/,C/,C/,C/,C/,C/,C/,C/,C/,C/
Supercontig_1.3,535116,TATCCTTGCCATTGAAATAG,missense_variant,CLUG_02577,C,A/,C/,C/,C/,C/,C/,C/,C/,C/,C/,C/,C/,C/,C/,C/,C/,C/,C/,C/,C/
Supercontig_1.3,1248708,ACTCACCGTAGCTTTCTATT,intergenic,CLUG_02911,A,G/,A/,A/,A/,A/,A/,A/,A/,A/,A/,A/,A/,A/,A/,A/,A/,A/,A/,A/,A/
Supercontig_1.3,1469307,GCTGGAGACCAAAGTTGAAG,missense_variant,CLUG_03012,C,A/,C/,C/,C/,C/,C/,C/,C/,C/,C/,C/,C/,C/,C/,C/,C/,C/,C/,C/,C/
Supercontig_1.4,90290,GAAAATCAATATAATCAAGG,intergenic,CLUG_03239,T,T/,A/,A/,A/,A/,A/,A/,A/,A/,A/,A/,A/,A/,A/,A/,A/,A/,A/,A/,A/
Supercontig_1.4,790215,GTTTCAACTCTAATGTAAGG,intergenic,CLUG_03583,C,T/,C/,C/,C/,C/,C/,C/,C/,C/,C/,C/,C/,C/,C/,C/,C/,C/,C/,C/,C/
Supercontig_1.4,1147278,GTTGATATTCTATACTAGGT,intergenic,CLUG_03784,C,T/,C/,C/,C/,C/,C/,C/,C/,C/,C/,C/,C/,C/,C/,C/,C/,C/,C/,C/,C/
Supercontig_1.5,1291064,TCGTATTTTGACTATTACAC,intergenic,CLUG_04760,G,A/,G/,G/,G/,G/,G/,G/,G/,G/,G/,G/,G/,G/,G/,G/,G/,G/,G/,G/,G/
Supercontig_1.6,400950,CCGGCTCTGATGCGTCCCAA,missense_variant,CLUG_05024,A,C/,A/,A/,A/,A/,A/,A/,A/,A/,A/,A/,A/,A/,A/,A/,A/,A/,A/,A/,A/
Supercontig_1.7,639542,GAGAGCCCAAAGCCTCCACT,missense_variant,CLUG_05537,A,C/,A/,A/,A/,A/,A/,A/,A/,A/,A/,A/,A/,A/,A/,A/,A/,A/,A/,A/,A/
Supercontig_1.8,47716,TGACAGAAAAGGAAGCTTCC,missense_variant,CLUG_05611,A,T/,A/,A/,A/,A/,A/,A/,A/,A/,A/,A/,A/,A/,A/,A/,A/,A/,A/,A/,A/
Supercontig_1.8,134638,AATCAAGGACATGGAAAGAA,intergenic,CLUG_05655,C,A/,C/,C/,C/,C/,C/,C/,C/,C/,C/,C/,C/,C/,C/,C/,C/,C/,C/,C/,C/
Supercontig_1.8,417492,TAAATCTGCACGAGCATCAA,intergenic,CLUG_05782,A,T/,A/,A/,A/,A/,A/,A/,A/,A/,A/,A/,A/,A/,A/,A/,A/,A/,A/,A/,A/
Supercontig_1.8,457044,ACAGAGGTGTCTAGGTCGTC,missense_variant,CLUG_05802,T,G/,T/,T/,T/,T/,T/,T/,T/,T/,T/,T/,T/,T/,T/,T/,T/,T/,T/,T/,T/
Supercontig_1.8,484852,TAAGCGTGACGTGGACGACA,synonymous_variant,CLUG_05819,C,T/,C/,C/,C/,C/,C/,C/,C/,C/,C/,C/,C/,C/,C/,C/,C/,C/,C/,C/,C/
Supercontig_1.5,11511,TGAGAGTGAGAGTGAAAGTG,synonymous_variant,CLUG_04108,G,A/,G/,G/,G/,G/,G/,G/,G/,G/,G/,G/,G/,G/,G/,G/,G/,G/,G/,G/,A/
Supercontig_1.5,11484,AAGTGAGAGTGAAAGTGACA,synonymous_variant,CLUG_04108,T,C/,T/,T/,T/,T/,T/,T/,T/,T/,T/,T/,T/,T/,T/,T/,T/,T/,T/,T/,C/
Supercontig_1.6,536790,TGTTGGGAGGTAATTTTGCT,missense_variant,CLUG_05096,G,A/,G/,G/,G/,G/,G/,G/,G/,G/,G/,G/,G/,G/,G/,G/,G/,G/,G/,G/,A/
Supercontig_1.8,269218,TAGTAATTACACTAGTAATT,intergenic,CLUG_05714,C,T/,C/,C/,C/,C/,C/,C/,C/,C/,T/,C/,C/,C/,C/,C/,C/,C/,C/,C/,C/
Supercontig_1.1,136788,GTTTGGGGGGTGCAATGGGA,synonymous_variant,CLUG_00072,G,A/,G/,G/,G/,G/,G/,G/,G/,G/,A/,G/,G/,G/,G/,G/,G/,G/,G/,G/,A/
Supercontig_1.1,523710,AATCATGGCGATCCACAAGA,missense_variant,CLUG_00264,G,A/,G/,G/,G/,G/,G/,G/,G/,G/,A/,G/,G/,G/,G/,G/,G/,G/,G/,G/,A/
Supercontig_1.1,968704,AGATGAAACGGTCTTCAATT,intergenic,CLUG_00476,G,A/,G/,G/,G/,G/,G/,G/,G/,G/,A/,G/,G/,G/,G/,G/,G/,G/,G/,G/,A/
Supercontig_1.1,1095848,CAAAAGCGTAGGCAAGATGA,missense_variant,CLUG_00542,A,T/,A/,A/,A/,A/,A/,A/,A/,A/,T/,A/,A/,A/,A/,A/,A/,A/,A/,A/,T/
Supercontig_1.1,1534068,TATGCTGAAGATGGTAAATT,missense_variant,CLUG_00760,G,A/,G/,G/,G/,G/,G/,G/,G/,G/,A/,G/,G/,G/,G/,G/,G/,G/,G/,G/,A/
Supercontig_1.1,1775819,CACCTCCCTCATCGAAATCG,missense_variant,CLUG_00872,C,T/,C/,C/,C/,C/,C/,C/,C/,C/,T/,C/,C/,C/,C/,C/,C/,C/,C/,C/,T/
Supercontig_1.2,558260,AGAGCTTCACATTTTTGATC,intergenic,CLUG_01479,C,A/,C/,C/,C/,C/,C/,C/,C/,C/,A/,C/,C/,C/,C/,C/,C/,C/,C/,C/,A/
Supercontig_1.2,1787286,CCTGTTGTTTGTACATACCC,missense_variant,CLUG_02093,T,G/,T/,T/,T/,T/,T/,T/,T/,T/,G/,T/,T/,T/,T/,T/,T/,T/,T/,T/,G/
Supercontig_1.3,244171,GTTACGCCCATTTGATATCT,missense_variant,CLUG_02417,A,G/,A/,A/,A/,A/,A/,A/,A/,A/,G/,A/,A/,A/,A/,A/,A/,A/,A/,A/,G/
Supercontig_1.3,730749,GCACGTGTGCTCTTCCAGTT,missense_variant,CLUG_02674,C,T/,C/,C/,C/,C/,C/,C/,C/,C/,T/,C/,C/,C/,C/,C/,C/,C/,C/,C/,T/
Supercontig_1.3,1610182,GTATGGTGGATGAGAAAAGT,missense_variant,CLUG_03078,A,T/,A/,A/,A/,A/,A/,A/,A/,A/,T/,A/,A/,A/,A/,A/,A/,A/,A/,A/,T/
Supercontig_1.4,1264294,TTGTCTAACCACAACATTGA,missense_variant,CLUG_03849,C,T/,C/,C/,C/,C/,C/,C/,C/,C/,T/,C/,C/,C/,C/,C/,C/,C/,C/,C/,T/
Supercontig_1.5,136548,CAGCCACCAGCCGGCCATGG,missense_variant,CLUG_04163,G,T/,G/,G/,G/,G/,G/,G/,G/,G/,T/,G/,G/,G/,G/,G/,G/,G/,G/,G/,T/
Supercontig_1.5,857223,AGAACCTTGTCGGCCACGTT,missense_variant,CLUG_04512,T,G/,T/,T/,T/,T/,T/,T/,T/,T/,G/,T/,T/,T/,T/,T/,T/,T/,T/,T/,G/
Supercontig_1.5,1032211,TGCCTTTCTGTGAGTTTTCA,missense_variant,CLUG_04620,G,C/,G/,G/,G/,G/,G/,G/,G/,G/,C/,G/,G/,G/,G/,G/,G/,G/,G/,G/,C/
Supercontig_1.5,1244831,TGCGCGCATTCACAAACCCG,intergenic,CLUG_04738,T,C/,T/,T/,T/,T/,T/,T/,T/,T/,C/,T/,T/,T/,T/,T/,T/,T/,T/,T/,C/
Supercontig_1.5,1319129,TCTTGTGGTAAAGTTCTCAA,missense_variant,CLUG_04777,A,C/,A/,A/,A/,A/,A/,A/,A/,A/,C/,A/,A/,A/,A/,A/,A/,A/,A/,A/,C/
Supercontig_1.7,37013,TTAAGCTATACTTCAAGATG,intergenic,CLUG_05247,A,T/,A/,A/,A/,A/,A/,A/,A/,A/,T/,A/,A/,A/,A/,A/,A/,A/,A/,A/,T/
Supercontig_1.7,264053,GTTGCAATGGCATGTAACAC,missense_variant,CLUG_05365,G,A/,G/,G/,G/,G/,G/,G/,G/,G/,A/,G/,G/,G/,G/,G/,G/,G/,G/,G/,A/
Supercontig_1.7,318755,CGAAAAAAAGCCGTGTCCTT,intergenic,CLUG_05395,G,A/,G/,G/,G/,G/,G/,G/,G/,G/,A/,G/,G/,G/,G/,G/,G/,G/,G/,G/,A/
Supercontig_1.8,354030,AGAAGGTGGTGAAAGAGCAG,intergenic,CLUG_05750,T,G/,T/,T/,T/,T/,T/,T/,T/,T/,G/,T/,T/,T/,T/,T/,T/,T/,T/,T/,G/
Supercontig_1.1,1149336,TGAAATGCAATATAATGCAA,intergenic,CLUG_00565,A,A/,T/,T/,A/,A/,T/,T/,T/,T/,T/,T/,T/,T/,T/,T/,T/,A/,A/,T/,T/
Supercontig_1.4,2142,AGTTTGTGCGTCTATTCATC,intergenic,CLUG_03197,G,C/,G/,G/,C/,G/,C/,C/,G/,G/,G/,C/,G/,C/,G/,C/,G/,G/,C/,G/,G/
Supercontig_1.5,571196,AATAAGGAGGATTTGGCCGA,missense_variant,CLUG_04375,G,G/,G/,A/,A/,A/,G/,G/,G/,G/,A/,A/,A/,A/,A/,G/,A/,G/,A/,A/,A/
Supercontig_1.6,123499,GCAAAGAAGGTACGTGAGCG,intergenic,CLUG_04887,G,G/,A/,G/,A/,A/,A/,A/,A/,G/,A/,G/,G/,A/,A/,G/,A/,A/,G/,A/,G/
Supercontig_1.3,6498,GACATCTCCCCATTTAGTTA,intergenic,CLUG_02301,C,T/,T/,T/,C/,T/,C/,T/,C/,C/,C/,C/,C/,C/,C/,T/,T/,C/,T/,T/,C/
Supercontig_1.4,171924,TGGTGCAGAGACAACCACAA,synonymous_variant,CLUG_03274,G,A/,A/,G/,A/,A/,G/,A/,G/,G/,A/,G/,G/,A/,G/,A/,G/,G/,G/,A/,G/
Supercontig_1.1,2192398,TTTGTGAACTCTGTTGGTAG,missense_variant,CLUG_01085,T,G/,T/,T/,G/,G/,T/,T/,G/,G/,G/,T/,G/,G/,T/,T/,G/,T/,T/,T/,G/
Supercontig_1.2,1685879,TACTAAGTTTACCCTACTCA,intergenic,CLUG_02042,T,T/,C/,C/,T/,T/,C/,T/,T/,C/,T/,C/,C/,T/,T/,C/,C/,T/,C/,C/,T/
Supercontig_1.2,1685912,AGTTTACCCTACTCAGTTTA,intergenic,CLUG_02042,T,T/,C/,C/,T/,T/,C/,T/,T/,C/,T/,C/,C/,T/,T/,C/,C/,T/,C/,C/,T/
Supercontig_1.3,16694,CTGTGAAGCGAGTTGAGTGC,intergenic,CLUG_02302,G,G/,G/,G/,A/,G/,A/,G/,A/,A/,A/,A/,A/,A/,G/,G/,A/,G/,G/,G/,A/
Supercontig_1.3,426346,ATTCCTCCAGCAATTCCACC,missense_variant,CLUG_02526,G,A/,G/,G/,A/,A/,G/,G/,A/,A/,A/,G/,A/,A/,G/,G/,A/,G/,G/,G/,A/
Supercontig_1.3,993560,TCGTCTTGCGTGGGGGCGAT,intergenic,CLUG_02784,G,T/,G/,G/,T/,T/,G/,G/,T/,T/,T/,G/,T/,T/,G/,G/,T/,G/,G/,G/,T/
Supercontig_1.4,171891,TGTTCCTACAGTGACAACAT,synonymous_variant,CLUG_03274,A,T/,T/,A/,T/,T/,A/,T/,A/,A/,T/,A/,A/,T/,T/,T/,A/,A/,A/,T/,A/
Supercontig_1.4,171879,GATCGATGTTCCTGTTCCTA,synonymous_variant,CLUG_03274,T,G/,G/,T/,G/,G/,T/,G/,T/,T/,G/,T/,T/,G/,G/,G/,T/,T/,T/,G/,T/
Supercontig_1.4,1668596,CTTGGACTGTGAAATTGACC,synonymous_variant,CLUG_04043,T,C/,T/,T/,C/,C/,T/,T/,C/,C/,C/,T/,C/,C/,T/,T/,C/,T/,T/,T/,C/
Supercontig_1.6,526297,ATGGCTGCTGGATCTGACTA,missense_variant,CLUG_05088,G,A/,A/,A/,A/,A/,G/,A/,A/,G/,G/,A/,G/,G/,G/,G/,G/,G/,A/,G/,A/
Supercontig_1.6,604981,GCCACAGGAAAAATACCATT,intergenic,CLUG_05130,A,T/,T/,A/,A/,A/,A/,T/,A/,T/,T/,T/,A/,A/,A/,T/,T/,A/,T/,A/,T/
Supercontig_1.6,698242,CATTGTTCCAGTGTACGACG,synonymous_variant,CLUG_05178,A,C/,A/,A/,C/,C/,A/,A/,C/,C/,C/,A/,C/,C/,A/,A/,C/,A/,A/,A/,C/
Supercontig_1.2,1805733,AATAATAATGATATTACACT,missense_variant,CLUG_02104,G,G/,A/,A/,G/,G/,A/,A/,G/,G/,G/,A/,G/,G/,A/,G/,G/,A/,A/,A/,G/
Supercontig_1.2,1812928,GTCAGAAATGCATCATCGAT,missense_variant,CLUG_02108,G,G/,A/,A/,G/,G/,A/,A/,G/,G/,G/,A/,G/,G/,A/,G/,G/,A/,A/,A/,G/
Supercontig_1.3,1178906,GCTGGATGCGCCAAAAGTGT,synonymous_variant,CLUG_02881,G,G/,A/,A/,G/,G/,A/,A/,G/,G/,G/,A/,G/,G/,A/,G/,G/,A/,A/,A/,G/
Supercontig_1.3,1273087,CGGTTTGTCCACTCCGTTCC,missense_variant,CLUG_02919,C,C/,C/,C/,C/,C/,G/,C/,C/,G/,G/,C/,G/,G/,G/,C/,G/,G/,C/,G/,C/
Supercontig_1.3,1274077,CATGTTTGGTGCTGCTTCCA,missense_variant,CLUG_02919,T,T/,T/,T/,T/,T/,C/,T/,T/,C/,C/,T/,C/,C/,C/,T/,C/,C/,T/,C/,T/
Supercontig_1.3,1852834,TCCGTCATGAAGTAAGAAGA,missense_variant,CLUG_03189,A,A/,C/,C/,A/,A/,C/,C/,A/,A/,A/,C/,A/,A/,C/,A/,A/,C/,C/,C/,A/
Supercontig_1.3,1863798,GACTGTCTCGCCGGGCGAAG,stop_gained,CLUG_03194,G,A/,A/,A/,G/,A/,G/,A/,G/,G/,G/,G/,G/,G/,A/,A/,A/,G/,A/,A/,A/
Supercontig_1.4,2833,ATCTTTCTTCCGCTACTTTC,intergenic,CLUG_03197,C,C/,C/,C/,C/,C/,A/,C/,C/,A/,A/,C/,A/,A/,A/,C/,A/,A/,C/,A/,C/
Supercontig_1.4,1073,GGATCGTCTCCCACCTCTTT,intergenic,CLUG_03197,C,T/,T/,T/,T/,T/,C/,T/,T/,C/,C/,T/,C/,C/,C/,T/,C/,C/,T/,C/,T/
Supercontig_1.4,321249,TCATCACAAGACTCTGGTAG,intergenic,CLUG_03349,G,G/,A/,A/,G/,G/,A/,A/,G/,G/,G/,A/,G/,G/,A/,G/,G/,A/,A/,A/,G/
Supercontig_1.5,571222,AAAGTCCAAAGAGTATTTCC,missense_variant,CLUG_04375,A,A/,A/,A/,A/,T/,A/,A/,A/,A/,T/,T/,T/,T/,A/,A/,T/,A/,T/,T/,T/
Supercontig_1.6,604970,TGGGGCATCCAGCCACAGGA,intergenic,CLUG_05130,C,G/,G/,C/,C/,C/,C/,G/,C/,G/,G/,G/,C/,C/,C/,G/,G/,C/,G/,G/,G/
Supercontig_1.8,588824,TTGGAAAATCCACATGCACT,intergenic,CLUG_05868,C,C/,T/,T/,C/,C/,T/,T/,C/,C/,C/,T/,C/,C/,T/,C/,C/,T/,T/,T/,C/
Supercontig_1.1,282098,TTACCGTCGCACTTTATGGC,synonymous_variant,CLUG_00145,C,C/,A/,A/,C/,C/,A/,A/,C/,C/,C/,A/,C/,C/,A/,C/,C/,A/,A/,C/,C/
Supercontig_1.2,192888,TTTGGAAGAGCAAGAGAAGC,missense_variant,CLUG_01308,G,G/,T/,T/,G/,G/,T/,T/,G/,G/,G/,T/,G/,G/,T/,G/,G/,T/,T/,G/,G/
Supercontig_1.2,301944,ATACCCACAAGAAGCCAAGA,missense_variant,CLUG_01358,A,A/,T/,T/,A/,A/,T/,T/,A/,A/,A/,T/,A/,A/,T/,A/,A/,T/,T/,A/,A/
Supercontig_1.2,1580614,ATCTTACAGCCAGCATTGTG,missense_variant,CLUG_01999,C,C/,A/,A/,C/,C/,A/,A/,C/,C/,C/,A/,C/,C/,A/,C/,C/,A/,A/,C/,C/
Supercontig_1.3,513740,ACGAATCACCTCGAAATCAT,missense_variant,CLUG_02568,C,C/,T/,T/,C/,C/,T/,T/,C/,C/,C/,T/,C/,C/,T/,C/,C/,T/,T/,C/,C/
Supercontig_1.3,821876,GTAGTTGTTTTATGTGATGA,intergenic,CLUG_02714,T,C/,C/,T/,C/,T/,T/,C/,C/,C/,T/,C/,C/,T/,T/,T/,C/,C/,C/,C/,T/
Supercontig_1.3,997548,CATCGGGGTCCACGATTTCA,missense_variant,CLUG_02786,C,C/,A/,A/,C/,C/,A/,A/,C/,C/,C/,A/,C/,C/,A/,C/,C/,A/,A/,C/,C/
Supercontig_1.3,1521459,AACAAATTGCGTTCGTTCTC,synonymous_variant,CLUG_03038,C,C/,T/,T/,C/,C/,T/,T/,C/,C/,C/,T/,C/,C/,T/,C/,C/,T/,T/,C/,C/
Supercontig_1.3,1847099,CACGGGCTTGTTTTCTTTGG,missense_variant,CLUG_03186,G,G/,C/,C/,G/,G/,C/,C/,G/,G/,G/,C/,G/,G/,C/,G/,G/,C/,C/,G/,G/
Supercontig_1.4,1064,TCACATCAAGGATCGTCTCC,intergenic,CLUG_03197,G,A/,A/,A/,A/,A/,G/,A/,A/,A/,G/,A/,G/,G/,G/,A/,G/,G/,A/,G/,A/
Supercontig_1.4,581681,ATGGAGGACGGTGTAATAAA,missense_variant,CLUG_03478,G,G/,A/,A/,G/,G/,A/,A/,G/,G/,G/,A/,G/,G/,A/,G/,G/,A/,A/,G/,G/
Supercontig_1.4,683575,GTGGGACCAGATACAAAAAT,missense_variant,CLUG_03532,G,G/,A/,A/,G/,G/,A/,A/,G/,G/,G/,A/,G/,G/,A/,G/,G/,A/,A/,G/,G/
Supercontig_1.4,1768165,GTCAGTGTCGGCCACCAAGT,synonymous_variant,CLUG_04092,G,G/,A/,A/,G/,G/,A/,A/,G/,G/,G/,A/,G/,G/,A/,G/,G/,A/,A/,G/,G/
Supercontig_1.5,181231,GTACATATAAATAAACTGAG,intergenic,CLUG_04187,A,A/,A/,G/,G/,A/,G/,G/,A/,A/,G/,A/,A/,G/,A/,A/,G/,A/,A/,A/,G/
Supercontig_1.5,812125,CCACGGTATCAACTTGATCT,missense_variant,CLUG_04491,C,C/,G/,G/,C/,C/,G/,G/,C/,C/,C/,G/,C/,C/,G/,C/,C/,G/,G/,C/,C/
Supercontig_1.5,1070307,AGTAGTATGGTTTCTAACGA,missense_variant,CLUG_04642,G,G/,A/,A/,G/,G/,A/,A/,G/,G/,G/,A/,G/,G/,A/,G/,G/,A/,A/,G/,G/
Supercontig_1.5,1376819,CAAAATATACTGATTCTTGT,synonymous_variant,CLUG_04802,C,C/,T/,T/,C/,C/,T/,T/,C/,C/,C/,T/,C/,C/,T/,C/,C/,T/,T/,C/,C/
Supercontig_1.6,197640,TTTCATTTAAGATTTCTATC,intergenic,CLUG_04918,A,A/,G/,A/,A/,G/,G/,A/,A/,A/,G/,A/,A/,G/,G/,A/,A/,A/,A/,G/,G/
Supercontig_1.6,322707,GACCTTGCAATCAGGAAAAC,missense_variant,CLUG_04988,A,A/,G/,G/,A/,A/,G/,G/,A/,A/,A/,G/,A/,A/,G/,A/,A/,G/,G/,A/,A/
Supercontig_1.7,87718,CCTTCTGTGTTCTATCTGTA,intergenic,CLUG_05273,T,A/,A/,T/,A/,A/,A/,A/,A/,T/,T/,A/,T/,A/,T/,T/,T/,A/,A/,T/,A/
Supercontig_1.7,446261,TTAGCAGAAGCAATGGTAAA,missense_variant,CLUG_05455,G,G/,T/,T/,G/,G/,T/,T/,G/,G/,G/,T/,G/,G/,T/,G/,G/,T/,T/,G/,G/
Supercontig_1.1,532617,CGAAACGATCCTAAGCATGC,missense_variant,CLUG_00269,C,C/,C/,C/,T/,T/,C/,C/,T/,T/,C/,C/,T/,T/,C/,C/,T/,C/,C/,C/,C/
Supercontig_1.1,2052575,CTATAGAGCTTCGAGGCGAG,missense_variant,CLUG_01014,T,T/,T/,T/,A/,A/,T/,T/,A/,A/,T/,T/,A/,A/,T/,T/,A/,T/,T/,T/,T/
Supercontig_1.1,2075688,CGAAATCACCGGCTTTATCG,missense_variant,CLUG_01023,C,C/,C/,C/,T/,T/,C/,C/,T/,T/,C/,C/,T/,T/,C/,C/,T/,C/,C/,C/,C/
Supercontig_1.2,193277,ATGAGTTTCGTAACTTGATC,missense_variant,CLUG_01308,G,G/,G/,G/,A/,A/,G/,G/,A/,A/,G/,G/,A/,A/,G/,G/,A/,G/,G/,G/,G/
Supercontig_1.2,1071390,TTGATTGCCAACGACGTTGA,missense_variant,CLUG_01760,A,A/,A/,A/,C/,C/,A/,A/,C/,C/,A/,A/,C/,C/,A/,A/,C/,A/,A/,A/,A/
Supercontig_1.2,2137986,GAGGGTCAAACCACTCCCGT,missense_variant,CLUG_02260,A,A/,A/,A/,G/,G/,A/,A/,G/,G/,A/,A/,G/,G/,A/,A/,G/,A/,A/,A/,A/
Supercontig_1.3,247028,TCCTGTTAGCCCAGCAGCGG,synonymous_variant,CLUG_02418,C,C/,C/,C/,T/,T/,C/,C/,T/,T/,C/,C/,T/,T/,C/,C/,T/,C/,C/,C/,C/
Supercontig_1.3,1558455,GCGCTGGTAGCCATGCTCCA,synonymous_variant,CLUG_03055,G,G/,G/,G/,A/,A/,G/,G/,A/,A/,G/,G/,A/,A/,G/,G/,A/,G/,G/,G/,G/
Supercontig_1.4,2786,ACTGAAATGCCACTTGAACG,intergenic,CLUG_03197,C,T/,C/,C/,C/,C/,T/,C/,C/,T/,T/,T/,T/,T/,T/,T/,T/,T/,C/,T/,T/
Supercontig_1.4,1522497,ACTCCGACGATAAACCGATG,missense_variant,CLUG_03983,A,A/,A/,A/,C/,C/,A/,A/,C/,C/,A/,A/,C/,C/,A/,A/,C/,A/,A/,A/,A/
Supercontig_1.5,761267,AATATTGAGAAATAGAAAAC,synonymous_variant,CLUG_04471,A,A/,A/,A/,G/,G/,A/,A/,G/,G/,A/,A/,G/,G/,A/,A/,G/,A/,A/,A/,A/
Supercontig_1.6,123613,ATCTACAAAGGAAAGTCGTA,intergenic,CLUG_04887,G,A/,A/,G/,A/,A/,A/,A/,A/,G/,A/,G/,G/,A/,A/,G/,A/,A/,G/,A/,G/
Supercontig_1.8,326698,TGTGGCCGCGGCCCAAGATA,intergenic,CLUG_05738,G,G/,G/,G/,T/,T/,G/,G/,T/,T/,G/,G/,T/,T/,G/,G/,T/,G/,G/,G/,G/
Supercontig_1.8,362576,CACGTCGCTGCCTGATTCTT,missense_variant,CLUG_05756,G,G/,G/,G/,A/,A/,G/,G/,A/,A/,G/,G/,A/,A/,G/,G/,A/,G/,G/,G/,G/
Supercontig_1.8,618882,CACAATGTATTCCACTGATG,stop_gained,CLUG_05885,T,T/,T/,T/,A/,A/,T/,T/,A/,A/,T/,T/,A/,A/,T/,T/,A/,T/,T/,T/,T/
Supercontig_1.3,7878,TAAGTTGAGGACAGCGGGTG,intergenic,CLUG_02301,G,G/,G/,G/,A/,G/,G/,G/,A/,G/,A/,A/,A/,A/,G/,G/,G/,G/,G/,G/,G/
Supercontig_1.3,16663,GATGTCGGTCGAGTGCGAGG,intergenic,CLUG_02302,C,C/,C/,C/,T/,C/,C/,C/,T/,C/,T/,T/,T/,T/,C/,C/,C/,C/,C/,C/,C/
Supercontig_1.3,16017,GTTTCTCCCTCATACGGGCA,intergenic,CLUG_02302,T,C/,C/,C/,T/,C/,C/,C/,T/,C/,T/,C/,T/,T/,C/,C/,T/,C/,C/,C/,C/
Supercontig_1.3,1863771,TCTGAGCTGAAGAAGCCGCC,missense_variant,CLUG_03194,A,T/,T/,T/,A/,T/,T/,T/,A/,T/,A/,A/,A/,A/,T/,T/,T/,T/,T/,T/,T/
Supercontig_1.4,1876,ATACGGGATCAACTCATAAT,intergenic,CLUG_03197,C,C/,C/,C/,C/,G/,C/,G/,G/,C/,C/,G/,C/,C/,C/,G/,C/,C/,C/,C/,G/
Supercontig_1.6,225216,CAGAGAATTTTTTCATTCAG,intergenic,CLUG_04935,T,A/,A/,T/,A/,A/,A/,A/,T/,A/,T/,A/,T/,T/,A/,A/,A/,A/,T/,A/,A/
Supercontig_1.3,1863976,TACGCCTGATGACCGCTTCA,synonymous_variant,CLUG_03194,T,C/,C/,C/,T/,C/,C/,C/,T/,C/,T/,C/,T/,T/,C/,C/,C/,C/,C/,C/,C/
Supercontig_1.1,99612,ACAGCTTGGTACTTAGAGTT,missense_variant,CLUG_00052,T,T/,T/,T/,C/,T/,T/,T/,C/,C/,T/,T/,C/,T/,T/,T/,T/,T/,T/,T/,T/
Supercontig_1.1,402400,CTTACATGACACAACCAATG,missense_variant,CLUG_00201,C,C/,C/,C/,A/,C/,C/,C/,A/,A/,C/,C/,A/,C/,C/,C/,C/,C/,C/,C/,C/
Supercontig_1.1,1094909,AAAACCCATAAGTTCTGAAT,missense_variant,CLUG_00542,A,A/,A/,A/,A/,A/,T/,A/,A/,A/,A/,T/,A/,A/,A/,A/,A/,T/,T/,A/,A/
Supercontig_1.1,1095087,TTTGGTAATCCTCCAAGCGT,missense_variant,CLUG_00542,C,C/,A/,A/,C/,C/,C/,A/,C/,C/,C/,C/,C/,C/,A/,C/,C/,C/,C/,C/,C/
Supercontig_1.1,1412864,ACGCAAGTGGAATAATCGAG,missense_variant,CLUG_00705,G,G/,G/,G/,G/,G/,T/,G/,G/,G/,G/,T/,G/,G/,G/,G/,G/,T/,T/,G/,G/
Supercontig_1.1,1443586,TGGAGAGCAGCTACAAAGTA,intergenic,CLUG_00718,G,G/,G/,G/,G/,G/,T/,G/,G/,G/,G/,T/,G/,G/,G/,G/,G/,T/,T/,G/,G/
Supercontig_1.2,779962,CCACTGAAGCTCAACAAGTT,synonymous_variant,CLUG_01606,C,C/,C/,C/,C/,C/,T/,C/,C/,C/,C/,T/,C/,C/,C/,C/,C/,T/,T/,C/,C/
Supercontig_1.2,1034180,AAGACTGCAGTGTTTTAAAA,intergenic,CLUG_01740,G,G/,G/,G/,T/,G/,G/,G/,T/,T/,G/,G/,T/,G/,G/,G/,G/,G/,G/,G/,G/
Supercontig_1.2,1368977,ACCGGAGATCTCGATAGTGC,missense_variant,CLUG_01897,C,C/,C/,C/,C/,C/,G/,C/,C/,C/,C/,G/,C/,C/,C/,C/,C/,G/,G/,C/,C/
Supercontig_1.3,7239,GGGAAAAAACTTAGGAAAAA,intergenic,CLUG_02301,C,C/,C/,C/,C/,C/,C/,C/,G/,C/,G/,C/,G/,G/,C/,C/,C/,C/,C/,C/,C/
Supercontig_1.3,16512,AAATATTTTGGGGTACAAAA,intergenic,CLUG_02302,G,G/,G/,G/,G/,G/,G/,G/,C/,G/,C/,G/,C/,C/,G/,G/,G/,G/,G/,G/,G/
Supercontig_1.3,16509,GAAAAATATTTTGGGGTACA,intergenic,CLUG_02302,T,T/,T/,T/,T/,T/,T/,T/,C/,T/,C/,T/,C/,C/,T/,T/,T/,T/,T/,T/,T/
Supercontig_1.3,734991,GGCGTTTTGCTTCGGTCCGG,missense_variant,CLUG_02676,C,C/,C/,C/,T/,C/,C/,C/,T/,T/,C/,C/,T/,C/,C/,C/,C/,C/,C/,C/,C/
Supercontig_1.3,846233,CTAATTTAGTAGAATGATAA,intergenic,CLUG_02727,T,T/,T/,T/,T/,T/,A/,T/,T/,T/,T/,A/,T/,T/,T/,T/,T/,A/,A/,T/,T/
Supercontig_1.3,1497117,TCCAATAGCTTATATATTAC,intergenic,CLUG_03027,T,A/,A/,A/,A/,A/,A/,T/,A/,T/,A/,A/,A/,T/,A/,A/,A/,T/,A/,A/,A/
Supercontig_1.3,1662399,TTTTTGTCTGCGATGGAGTA,intergenic,CLUG_03098,G,G/,T/,T/,G/,G/,G/,T/,G/,G/,G/,G/,G/,G/,T/,G/,G/,G/,G/,G/,G/
Supercontig_1.3,1713636,CAAAATGGTATTCCAATACT,intergenic,CLUG_03122,A,A/,A/,A/,T/,A/,A/,A/,T/,T/,A/,A/,T/,A/,A/,A/,A/,A/,A/,A/,A/
Supercontig_1.4,633334,CTTAGATGACATGACATTTT,intergenic,CLUG_03503,C,C/,C/,C/,T/,C/,C/,C/,T/,T/,C/,C/,T/,C/,C/,C/,C/,C/,C/,C/,C/
Supercontig_1.4,1495056,TATGGCGCTAGATCCCATCA,synonymous_variant,CLUG_03969,A,A/,A/,A/,T/,A/,A/,A/,T/,T/,A/,A/,T/,A/,A/,A/,A/,A/,A/,A/,A/
Supercontig_1.4,1495055,TTATGGCGCTAGATCCCATC,missense_variant,CLUG_03969,T,T/,T/,T/,G/,T/,T/,T/,G/,G/,T/,T/,G/,T/,T/,T/,T/,T/,T/,T/,T/
Supercontig_1.5,213093,ATTAAAGATATTCAATTCTC,intergenic,CLUG_04204,A,A/,A/,A/,A/,A/,A/,A/,A/,A/,C/,A/,A/,A/,C/,A/,A/,C/,A/,C/,A/
Supercontig_1.5,642599,ATCTCCCGAGAGCGTTTCGA,missense_variant,CLUG_04413,G,G/,G/,G/,T/,G/,G/,G/,T/,T/,G/,G/,T/,G/,G/,G/,G/,G/,G/,G/,G/
Supercontig_1.5,980152,AGAAACGTGAGAGAAAAATT,intergenic,CLUG_04586,A,A/,A/,A/,G/,A/,A/,A/,G/,G/,A/,A/,G/,A/,A/,A/,A/,A/,A/,A/,A/
Supercontig_1.7,284866,GATCTGAATGATGTAAAGCT,intergenic,CLUG_05374,G,A/,A/,G/,G/,A/,A/,A/,A/,A/,A/,G/,A/,A/,G/,A/,A/,A/,A/,A/,A/
Supercontig_1.1,409729,CGCTTGGAGACACTTTTGCG,missense_variant,CLUG_00204,A,A/,A/,A/,A/,G/,A/,A/,A/,A/,A/,A/,A/,G/,A/,A/,G/,A/,A/,A/,A/
Supercontig_1.1,703894,CATTATCCAGGCCCAAGTCC,intergenic,CLUG_00350,G,G/,G/,G/,G/,T/,G/,G/,G/,G/,G/,G/,G/,T/,G/,G/,T/,G/,G/,G/,G/
Supercontig_1.1,748855,AACGCTTGAGAAATTGGGCC,missense_variant,CLUG_00378,G,G/,G/,G/,G/,G/,G/,G/,A/,A/,G/,G/,A/,G/,G/,G/,G/,G/,G/,G/,G/
Supercontig_1.1,1038474,TTGACCCTTGCAACGAACCC,missense_variant,CLUG_00511,G,G/,G/,G/,G/,A/,G/,G/,G/,G/,G/,G/,G/,A/,G/,G/,A/,G/,G/,G/,G/
Supercontig_1.1,1094713,TTCATCGAAAGGAGCTGCAA,missense_variant,CLUG_00542,A,A/,A/,A/,A/,T/,A/,A/,A/,A/,A/,A/,A/,T/,A/,A/,T/,A/,A/,A/,A/
Supercontig_1.1,1094696,TGAAAAGCTGATCATGCTTC,stop_gained,CLUG_00542,G,G/,G/,G/,G/,A/,G/,G/,G/,G/,G/,G/,G/,A/,G/,G/,A/,G/,G/,G/,G/
Supercontig_1.1,1096885,TCCTTGAAATGGAGAGAGGA,missense_variant,CLUG_00542,T,T/,T/,T/,T/,T/,T/,T/,A/,A/,T/,T/,A/,T/,T/,T/,T/,T/,T/,T/,T/
Supercontig_1.1,2333473,TCACCACTGGACCAACATGC,missense_variant,CLUG_01165,G,G/,G/,A/,G/,G/,G/,G/,G/,G/,A/,G/,G/,G/,A/,G/,G/,G/,G/,G/,G/
Supercontig_1.2,568861,GAAGCATGGTAAAAGTTGGG,intergenic,CLUG_01487,T,T/,T/,T/,T/,C/,T/,T/,T/,T/,T/,T/,T/,C/,T/,T/,C/,T/,T/,T/,T/
Supercontig_1.2,2101246,CCACAATGCCGACAAGCAAA,synonymous_variant,CLUG_02244,C,C/,C/,C/,C/,T/,C/,C/,C/,C/,C/,C/,C/,T/,C/,C/,T/,C/,C/,C/,C/
Supercontig_1.2,2122433,TTGATTTCAGAATTATTGAG,missense_variant,CLUG_02254,G,G/,G/,G/,G/,G/,G/,G/,A/,A/,G/,G/,A/,G/,G/,G/,G/,G/,G/,G/,G/
Supercontig_1.3,143281,GCAAGTAGTATACTACCGCA,intergenic,CLUG_02361,A,A/,A/,A/,A/,T/,A/,A/,A/,A/,A/,A/,A/,T/,A/,A/,T/,A/,A/,A/,A/
Supercontig_1.3,291877,ACTTTGCTCATAATTCTCAT,intergenic,CLUG_02442,A,A/,A/,A/,A/,C/,A/,A/,A/,A/,A/,A/,A/,C/,A/,A/,C/,A/,A/,A/,A/
Supercontig_1.3,471922,GAAGGGCCCGTGGAACCGCC,missense_variant,CLUG_02550,G,G/,G/,G/,G/,G/,G/,G/,T/,T/,G/,G/,T/,G/,G/,G/,G/,G/,G/,G/,G/
Supercontig_1.3,810095,GAAATTCAGTTTATAGTGGT,intergenic,CLUG_02712,T,C/,C/,C/,C/,T/,C/,C/,C/,C/,C/,C/,T/,C/,C/,C/,T/,C/,C/,C/,C/
Supercontig_1.3,1207436,TCTAAACCGGCCCACGCCGC,synonymous_variant,CLUG_02896,G,G/,G/,G/,G/,T/,G/,G/,G/,G/,G/,G/,G/,T/,G/,G/,T/,G/,G/,G/,G/
Supercontig_1.3,1344019,ATAGAGAATATAGACAAGAG,intergenic,CLUG_02956,A,A/,A/,A/,A/,A/,T/,A/,A/,A/,A/,A/,A/,T/,A/,A/,A/,T/,A/,A/,A/
Supercontig_1.3,1484057,ATTCCTCGGGAGAGATGCTA,intergenic,CLUG_03020,G,C/,C/,C/,C/,C/,G/,C/,C/,C/,C/,C/,G/,G/,C/,C/,C/,C/,C/,C/,C/
Supercontig_1.3,1825009,AGAGAACTGATAAGTTGGAA,intergenic,CLUG_03175,A,A/,A/,A/,A/,T/,A/,A/,A/,A/,A/,A/,A/,T/,A/,A/,T/,A/,A/,A/,A/
Supercontig_1.4,1541614,CAATATCTACTAGCATCTTA,missense_variant,CLUG_03989,C,C/,C/,C/,C/,C/,C/,C/,T/,T/,C/,C/,T/,C/,C/,C/,C/,C/,C/,C/,C/
Supercontig_1.5,229936,TCAATGGTCCATACACCTTT,intergenic,CLUG_04213,C,C/,C/,C/,C/,C/,C/,C/,C/,C/,A/,C/,C/,C/,C/,C/,C/,A/,C/,C/,A/
Supercontig_1.5,482882,CAATTACTGCTAGCACGTCA,intergenic,CLUG_04333,C,C/,C/,C/,C/,C/,C/,C/,T/,T/,C/,C/,T/,C/,C/,C/,C/,C/,C/,C/,C/
Supercontig_1.5,695914,CGATGTCTTTTTCCTTCGGT,missense_variant,CLUG_04437,T,T/,T/,T/,T/,T/,T/,T/,T/,C/,T/,T/,T/,T/,T/,C/,C/,T/,T/,T/,T/
Supercontig_1.6,654320,TTCGTGTGCTCTGCGGAAAG,missense_variant,CLUG_05153,T,T/,T/,T/,T/,G/,T/,T/,T/,T/,T/,T/,T/,G/,T/,T/,G/,T/,T/,T/,T/
Supercontig_1.7,39956,CGCTACAAAAAATAAGAATA,intergenic,CLUG_05248,A,C/,C/,C/,C/,C/,C/,A/,C/,A/,C/,C/,C/,C/,C/,C/,C/,A/,C/,C/,C/
Supercontig_1.8,83424,ATTTGATAACGCTAGTCGAT,intergenic,CLUG_05627,C,G/,G/,C/,C/,G/,G/,G/,G/,C/,G/,G/,G/,G/,G/,G/,G/,G/,G/,G/,G/
Supercontig_1.8,83412,GCTAGTCGATCCATTTGATA,intergenic,CLUG_05627,T,G/,G/,T/,T/,G/,G/,G/,G/,T/,G/,G/,G/,G/,G/,G/,G/,G/,G/,G/,G/
Supercontig_1.8,83431,AACGCTAGTCGATCTATTTG,intergenic,CLUG_05627,C,T/,T/,C/,C/,T/,T/,T/,T/,C/,T/,T/,T/,T/,T/,T/,T/,T/,T/,T/,T/
Supercontig_1.8,325848,ACATTTGGGGATTTCCGTTA,intergenic,CLUG_05738,G,G/,A/,G/,A/,G/,G/,G/,G/,G/,G/,G/,G/,G/,G/,G/,G/,A/,G/,G/,G/
Supercontig_1.1,1760812,TGTTTCTTTTTTTTTTTTTT,intergenic,CLUG_00865,T,C/,C/,C/,C/,C/,C/,C/,C/,C/,C/,C/,C/,C/,T/,C/,C/,C/,C/,C/,T/
Supercontig_1.2,1974123,TACTCATTGGATGTTTTCAG,intergenic,CLUG_02188,G,A/,A/,A/,A/,G/,A/,A/,A/,G/,A/,A/,A/,A/,A/,A/,A/,A/,A/,A/,A/
Supercontig_1.3,126735,TCTCTTTTTGGGCACAGCCT,synonymous_variant,CLUG_02356,G,G/,G/,G/,G/,G/,G/,G/,T/,T/,G/,G/,G/,G/,G/,G/,G/,G/,G/,G/,G/
Supercontig_1.3,1559469,ATTTGACTCGTCAACGCGAA,synonymous_variant,CLUG_03055,G,G/,G/,G/,G/,G/,G/,G/,G/,G/,G/,G/,G/,G/,A/,G/,G/,G/,G/,G/,A/
Supercontig_1.4,9919,TTTCAGCAAAATCAAGCGGA,intergenic,CLUG_03200,A,T/,T/,T/,T/,T/,T/,T/,T/,A/,T/,T/,T/,A/,T/,T/,T/,T/,T/,T/,T/
Supercontig_1.4,39713,TACACTGTTTTCCCGATTCT,intergenic,CLUG_03213,T,C/,C/,T/,C/,C/,C/,C/,C/,C/,C/,C/,T/,C/,C/,C/,C/,C/,C/,C/,C/
Supercontig_1.4,482697,CAAGATCTCGCTGAACTCGC,missense_variant,CLUG_03422,G,G/,G/,G/,G/,G/,G/,G/,T/,T/,G/,G/,G/,G/,G/,G/,G/,G/,G/,G/,G/
Supercontig_1.4,1340878,GGGTCTGCACGGTCGAACGC,missense_variant,CLUG_03891,C,C/,C/,C/,C/,C/,C/,C/,T/,T/,C/,C/,C/,C/,C/,C/,C/,C/,C/,C/,C/
Supercontig_1.4,1480224,CTTGTGTCTGAGCTTGTGTC,stop_gained,CLUG_03961,G,G/,A/,G/,G/,G/,G/,G/,G/,G/,G/,G/,A/,G/,G/,G/,G/,G/,G/,G/,G/
Supercontig_1.6,118042,TCGGATCTACTGCTCCACAC,intergenic,CLUG_04883,C,T/,T/,T/,T/,T/,T/,T/,T/,T/,C/,T/,T/,T/,T/,T/,T/,C/,T/,T/,T/
Supercontig_1.6,124465,TTCTTGTTTGGTTTATTGAA,intergenic,CLUG_04887,G,G/,G/,G/,G/,G/,G/,G/,G/,G/,G/,G/,A/,A/,G/,G/,G/,G/,G/,G/,G/
Supercontig_1.6,124444,ATTTTATATGGTTAAATTGT,intergenic,CLUG_04887,G,G/,G/,G/,G/,G/,G/,G/,G/,G/,G/,G/,T/,T/,G/,G/,G/,G/,G/,G/,G/
Supercontig_1.6,190028,ATAAATTTGTAGAAAAATTG,intergenic,CLUG_04912,T,A/,A/,A/,T/,A/,A/,A/,A/,A/,T/,A/,A/,A/,A/,A/,A/,A/,A/,A/,A/
Supercontig_1.6,340149,TAAAAGATATCAAGTAAAGA,intergenic,CLUG_04992,T,T/,T/,T/,T/,T/,T/,T/,T/,T/,T/,T/,T/,T/,T/,T/,T/,C/,T/,C/,T/
Supercontig_1.6,766779,ACATTGGGTCCCCCCTAGTT,intergenic,CLUG_05213,C,C/,C/,C/,C/,C/,C/,C/,C/,C/,C/,C/,C/,T/,C/,C/,T/,C/,C/,C/,C/
Supercontig_1.7,131141,TTCTGCTCCAGCACCAGGCC,missense_variant,CLUG_05297,A,A/,A/,A/,A/,C/,C/,A/,A/,A/,A/,A/,A/,A/,A/,A/,A/,A/,A/,A/,A/
Supercontig_1.7,334248,GACCCACTGCAATTCTGACT,intergenic,CLUG_05398,C,T/,T/,T/,T/,T/,T/,T/,T/,T/,C/,C/,T/,T/,T/,T/,T/,T/,T/,T/,T/
Supercontig_1.7,334280,TCTCTGTTGCCTTCACCATA,intergenic,CLUG_05398,C,T/,T/,T/,T/,T/,T/,T/,T/,T/,C/,C/,T/,T/,T/,T/,T/,T/,T/,T/,T/
Supercontig_1.1,38256,GGTGAGTCCAGTAGTCATCT,missense_variant,CLUG_00025,A,A/,A/,A/,C/,A/,A/,A/,A/,A/,A/,A/,A/,A/,A/,A/,A/,A/,A/,A/,A/
Supercontig_1.1,109073,TAAAATTACGTCGAGAGGAC,missense_variant,CLUG_00056,G,G/,G/,G/,G/,G/,G/,G/,G/,G/,G/,G/,G/,A/,G/,G/,G/,G/,G/,G/,G/
Supercontig_1.1,186206,GTTCACGTGCTCTTTCGTAA,missense_variant,CLUG_00096,C,C/,C/,C/,C/,C/,C/,C/,C/,A/,C/,C/,C/,C/,C/,C/,C/,C/,C/,C/,C/
Supercontig_1.1,232489,GTCAAAATACAGCGGGCACT,intergenic,CLUG_00117,C,C/,C/,C/,C/,C/,C/,C/,C/,C/,C/,C/,C/,C/,C/,C/,C/,C/,C/,T/,C/
Supercontig_1.1,323637,CGGGGTATATATCTTGCTGG,missense_variant,CLUG_00166,T,T/,T/,T/,T/,T/,T/,T/,T/,T/,T/,T/,T/,T/,T/,C/,T/,T/,T/,T/,T/
Supercontig_1.1,357353,ACGCGGGATCGCTGTTCGCC,stop_gained,CLUG_00180,C,C/,C/,C/,C/,C/,C/,C/,C/,C/,C/,C/,C/,C/,C/,A/,C/,C/,C/,C/,C/
Supercontig_1.1,402146,TTCTGTGGAAGCGACTAAAA,missense_variant,CLUG_00201,A,A/,A/,A/,A/,A/,A/,A/,A/,A/,A/,A/,A/,A/,A/,A/,A/,A/,A/,C/,A/
Supercontig_1.1,502242,GTGAATCTGCCTCTGCAGCT,missense_variant,CLUG_00253,C,C/,C/,C/,C/,C/,C/,C/,C/,C/,C/,C/,C/,C/,C/,C/,C/,C/,C/,T/,C/
Supercontig_1.1,529447,GAAGGGGTACCCACTAATTA,intergenic,CLUG_00265,C,C/,C/,C/,C/,C/,C/,C/,C/,C/,C/,C/,T/,C/,C/,C/,C/,C/,C/,C/,C/
Supercontig_1.1,561360,CACACTAAGGTCGAGCGGTC,missense_variant,CLUG_00285,G,G/,A/,G/,G/,G/,G/,G/,G/,G/,G/,G/,G/,G/,G/,G/,G/,G/,G/,G/,G/
Supercontig_1.1,571030,CTCTTTGACAAGCTTTTCAT,missense_variant,CLUG_00290,A,A/,A/,A/,A/,G/,A/,A/,A/,A/,A/,A/,A/,A/,A/,A/,A/,A/,A/,A/,A/
Supercontig_1.1,652846,CCACAAAATCTCACTTGAAT,missense_variant,CLUG_00328,C,C/,C/,C/,C/,C/,C/,C/,C/,C/,C/,C/,C/,C/,C/,C/,C/,C/,C/,A/,C/
Supercontig_1.1,669586,CGCCTCAAACAGAAATCCAT,stop_gained,CLUG_00335,C,C/,C/,C/,C/,C/,C/,C/,C/,C/,C/,C/,C/,C/,C/,T/,C/,C/,C/,C/,C/
Supercontig_1.1,692526,GAGAGACAGACTCTTTTGTT,missense_variant,CLUG_00347,A,A/,A/,A/,A/,A/,A/,A/,A/,A/,A/,A/,A/,A/,A/,A/,T/,A/,A/,A/,A/
Supercontig_1.1,750114,GAAGAAGAAATGAAGAAGAA,missense_variant,CLUG_00379,A,A/,A/,A/,A/,A/,A/,A/,A/,A/,A/,A/,A/,A/,C/,A/,A/,A/,A/,A/,A/
Supercontig_1.1,887221,TGTGGCCTCGACAAAAGTGG,synonymous_variant,CLUG_00442,G,G/,G/,G/,G/,G/,G/,G/,G/,G/,G/,G/,G/,G/,G/,G/,G/,G/,G/,A/,G/
Supercontig_1.1,938700,TTTTTCCAGGCAAATACAAT,missense_variant,CLUG_00463,G,G/,G/,G/,G/,C/,G/,G/,G/,G/,G/,G/,G/,G/,G/,G/,G/,G/,G/,G/,G/
Supercontig_1.1,1094594,TCGCCGCTCCAGCATTCGCC,stop_gained,CLUG_00542,C,C/,C/,C/,C/,C/,C/,A/,C/,C/,C/,C/,C/,C/,C/,C/,C/,C/,C/,C/,C/
Supercontig_1.1,1096121,AACAGAGCTCTGCAACGTCA,missense_variant,CLUG_00542,C,C/,C/,C/,C/,C/,C/,C/,C/,C/,C/,C/,C/,C/,C/,C/,C/,C/,C/,T/,C/
Supercontig_1.1,1096636,TAGCCATCCGCTTGAAGAGC,missense_variant,CLUG_00542,G,G/,G/,G/,G/,G/,G/,G/,G/,G/,G/,G/,G/,G/,A/,G/,G/,G/,G/,G/,G/
Supercontig_1.1,1096673,TTTCCAGAAGCTCCGACTTG,missense_variant,CLUG_00542,G,G/,G/,G/,C/,G/,G/,G/,G/,G/,G/,G/,G/,G/,G/,G/,G/,G/,G/,G/,G/
Supercontig_1.1,1095102,AGCGTAGTAGTACCGGTTGC,stop_gained,CLUG_00542,G,G/,G/,C/,G/,G/,G/,G/,G/,G/,G/,G/,G/,G/,G/,G/,G/,G/,G/,G/,G/
Supercontig_1.1,1097209,GGATCCTCCGAAAACGAGTT,stop_gained,CLUG_00542,G,G/,G/,G/,G/,G/,G/,G/,G/,G/,G/,G/,G/,G/,G/,G/,G/,T/,G/,G/,G/
Supercontig_1.1,1095847,CCAAAAGCGTAGGCAAGATG,missense_variant,CLUG_00542,T,T/,T/,T/,T/,T/,T/,T/,T/,T/,T/,T/,T/,T/,T/,C/,T/,T/,T/,T/,T/
Supercontig_1.1,1135188,GTACAGAGAACGGTACAGAG,missense_variant,CLUG_00560,A,A/,A/,A/,A/,A/,A/,T/,A/,A/,A/,A/,A/,A/,A/,A/,A/,A/,A/,A/,A/
Supercontig_1.1,1144812,CTTGCCCTCCACGGGTCTGC,missense_variant,CLUG_00563,C,C/,C/,C/,C/,C/,C/,C/,C/,C/,C/,C/,C/,C/,C/,C/,C/,C/,C/,T/,C/
Supercontig_1.1,1525871,GGTTTGTCCCCTGCGTCCAA,missense_variant,CLUG_00757,C,C/,C/,C/,C/,C/,C/,C/,C/,T/,C/,C/,C/,C/,C/,C/,C/,C/,C/,C/,C/
Supercontig_1.1,1532064,CCAGAACTTCCAAGGCGTGG,synonymous_variant,CLUG_00759,C,C/,C/,C/,T/,C/,C/,C/,C/,C/,C/,C/,C/,C/,C/,C/,C/,C/,C/,C/,C/
Supercontig_1.1,1546677,GGCAGGCTCGATAAAACGAG,stop_gained,CLUG_00763,G,G/,G/,G/,G/,G/,G/,G/,G/,G/,G/,G/,G/,G/,G/,T/,G/,G/,G/,G/,G/
Supercontig_1.1,1625988,TTTTTTTTATTTTTTTTTTT,intergenic,CLUG_00801,T,T/,A/,T/,T/,T/,T/,T/,T/,T/,T/,T/,T/,T/,T/,T/,T/,T/,T/,T/,T/
Supercontig_1.1,1675861,CTCGTTGTCGTTTTCTTCAT,synonymous_variant,CLUG_00827,G,G/,G/,G/,G/,G/,G/,G/,G/,G/,G/,G/,G/,G/,G/,G/,G/,A/,G/,G/,G/
Supercontig_1.1,1751369,TTTTTTTTTTTTTTTTTTAG,intergenic,CLUG_00863,T,T/,T/,T/,T/,T/,T/,T/,T/,T/,T/,T/,T/,T/,T/,T/,A/,T/,T/,T/,T/
Supercontig_1.1,1751373,TTTTTTTTTTTTTTAGTTGT,intergenic,CLUG_00863,T,T/,T/,T/,T/,T/,T/,T/,T/,T/,T/,T/,T/,T/,T/,T/,G/,T/,T/,T/,T/
Supercontig_1.1,1835633,CATTCCGATAGGCGCACGGC,intergenic,CLUG_00901,A,A/,A/,A/,A/,T/,A/,A/,A/,A/,A/,A/,A/,A/,A/,A/,A/,A/,A/,A/,A/
Supercontig_1.1,2065925,CGACAGGAGGAATGGACTCA,missense_variant,CLUG_01019,G,G/,G/,G/,G/,G/,G/,G/,G/,G/,G/,G/,G/,G/,G/,G/,G/,G/,G/,T/,G/
Supercontig_1.1,2084175,TTTGAGCCATCCCGAGTATC,intergenic,CLUG_01028,T,T/,T/,T/,T/,T/,T/,T/,T/,T/,T/,T/,T/,T/,T/,T/,C/,T/,T/,T/,T/
Supercontig_1.1,2353502,TTGGCGACACACTTCCCAGG,missense_variant,CLUG_01175,C,C/,C/,C/,C/,C/,C/,C/,C/,C/,T/,C/,C/,C/,C/,C/,C/,C/,C/,C/,C/
Supercontig_1.2,24271,ATTTATCGGTTCAGACTTGC,missense_variant,CLUG_01220,T,T/,T/,T/,T/,T/,T/,T/,T/,T/,T/,T/,T/,T/,T/,A/,T/,T/,T/,T/,T/
Supercontig_1.2,139621,TTTCCACTTGCGTCACCTGT,missense_variant,CLUG_01277,G,G/,G/,G/,G/,G/,G/,G/,G/,G/,A/,G/,G/,G/,G/,G/,G/,G/,G/,G/,G/
Supercontig_1.2,230370,GGATGCCAATGGTGAAGATT,missense_variant,CLUG_01325,T,T/,T/,T/,T/,T/,T/,T/,T/,T/,A/,T/,T/,T/,T/,T/,T/,T/,T/,T/,T/
Supercontig_1.2,256489,GTGTACCAGCTGCAGCAAGT,synonymous_variant,CLUG_01336,C,C/,C/,C/,C/,C/,C/,C/,C/,C/,C/,C/,C/,T/,C/,C/,C/,C/,C/,C/,C/
Supercontig_1.2,353848,TTCTACGTAGGACCACTTAA,intergenic,CLUG_01383,G,G/,G/,T/,G/,G/,G/,G/,G/,G/,G/,G/,G/,G/,G/,G/,G/,G/,G/,G/,G/
Supercontig_1.2,500649,CGTTGTCTGGTTCTGCACCA,synonymous_variant,CLUG_01451,G,G/,G/,G/,G/,G/,G/,G/,G/,G/,G/,G/,G/,G/,G/,G/,A/,G/,G/,G/,G/
Supercontig_1.2,641141,GATTCTTGTCAGTCACCTTG,missense_variant,CLUG_01525,C,C/,C/,C/,C/,C/,C/,C/,C/,C/,C/,C/,C/,C/,C/,C/,T/,C/,C/,C/,C/
Supercontig_1.2,731379,TGAGCTTCTTTATCGTTTCG,intergenic,CLUG_01573,T,T/,T/,T/,T/,T/,T/,T/,T/,T/,T/,T/,T/,T/,T/,T/,T/,A/,T/,T/,T/
Supercontig_1.2,772348,CATTGCTGACTACTATCCAA,synonymous_variant,CLUG_01603,C,C/,C/,C/,T/,C/,C/,C/,C/,C/,C/,C/,C/,C/,C/,C/,C/,C/,C/,C/,C/
Supercontig_1.2,790539,ACCAGATTCTTCCTCTTCAC,intergenic,CLUG_01611,T,T/,T/,T/,T/,T/,A/,T/,T/,T/,T/,T/,T/,T/,T/,T/,T/,T/,T/,T/,T/
Supercontig_1.2,854182,GTAATCCCCGCCCCTTTGTT,intergenic,CLUG_01644,G,G/,G/,G/,G/,G/,G/,G/,G/,G/,G/,G/,G/,A/,G/,G/,G/,G/,G/,G/,G/
Supercontig_1.2,855174,TGCCGCGCGCCATGGAGGAG,missense_variant,CLUG_01645,C,T/,T/,T/,T/,T/,T/,T/,T/,T/,T/,T/,T/,T/,T/,C/,T/,T/,T/,T/,T/
Supercontig_1.2,897648,GGTCGTTTTCGCATTGCACT,synonymous_variant,CLUG_01665,C,C/,C/,C/,C/,C/,C/,C/,C/,C/,C/,C/,C/,C/,C/,C/,C/,C/,C/,C/,T/
Supercontig_1.2,948312,GCTCTGATGCTACAGGGCGT,missense_variant,CLUG_01693,C,C/,C/,C/,C/,C/,C/,C/,C/,C/,C/,C/,C/,C/,C/,A/,C/,C/,C/,C/,C/
Supercontig_1.2,981924,GGAAAACGCTTCCTGGTTCG,missense_variant,CLUG_01709,T,T/,T/,T/,T/,T/,T/,T/,T/,T/,T/,T/,T/,T/,T/,T/,T/,T/,T/,A/,T/
Supercontig_1.2,1119876,ACTTGTACACTCGTGTTAAG,missense_variant,CLUG_01785,C,C/,C/,C/,C/,C/,C/,C/,C/,C/,C/,C/,C/,C/,C/,C/,C/,C/,C/,C/,T/
Supercontig_1.2,1123524,AAGAAAGGAATTGAATGTGA,synonymous_variant,CLUG_01787,A,A/,A/,A/,A/,A/,A/,A/,A/,A/,G/,A/,A/,A/,A/,A/,A/,A/,A/,A/,A/
Supercontig_1.2,1275494,TGCCCCGTCCACTGCTTTCT,missense_variant,CLUG_01853,C,C/,C/,C/,C/,C/,C/,C/,C/,C/,C/,C/,C/,C/,C/,C/,C/,C/,C/,A/,C/
Supercontig_1.2,1392959,CTGTCAGATCGACCATCCGT,intergenic,CLUG_01906,C,C/,C/,C/,C/,C/,C/,C/,C/,C/,C/,C/,C/,C/,C/,C/,C/,A/,C/,C/,C/
Supercontig_1.2,1433491,TGGGGATAAAATTGATTGAC,intergenic,CLUG_01925,A,G/,G/,G/,A/,G/,G/,G/,G/,G/,G/,G/,G/,G/,G/,G/,G/,G/,G/,G/,G/
Supercontig_1.2,1472581,ATCCCTGTATTCGTTAACTA,intergenic,CLUG_01948,T,T/,T/,T/,T/,T/,T/,T/,T/,T/,T/,T/,T/,T/,T/,G/,T/,T/,T/,T/,T/
Supercontig_1.2,1502241,TGGTTGTCCACCAACTTGAA,missense_variant,CLUG_01960,A,A/,A/,A/,A/,A/,A/,A/,A/,A/,A/,A/,A/,A/,A/,T/,A/,A/,A/,A/,A/
Supercontig_1.2,1591671,CACCCGTACCCCACAAAACC,missense_variant,CLUG_02002,C,C/,C/,C/,C/,C/,A/,C/,C/,C/,C/,C/,C/,C/,C/,C/,C/,C/,C/,C/,C/
Supercontig_1.2,1603878,CTTAAGGACGAAGGTAATGC,missense_variant,CLUG_02007,G,G/,G/,G/,G/,A/,G/,G/,G/,G/,G/,G/,G/,G/,G/,G/,G/,G/,G/,G/,G/
Supercontig_1.2,1626512,GAACCAAAGCTACGGCAGCC,synonymous_variant,CLUG_02017,C,C/,C/,T/,C/,C/,C/,C/,C/,C/,C/,C/,C/,C/,C/,C/,C/,C/,C/,C/,C/
Supercontig_1.2,1665687,AGGAATAAGTGAGGAGGAAT,intergenic,CLUG_02034,T,T/,T/,A/,T/,T/,T/,T/,T/,T/,T/,T/,T/,T/,T/,T/,T/,T/,T/,T/,T/
Supercontig_1.2,1675156,TCGGACGCAATTTTGTCTTC,intergenic,CLUG_02038,A,A/,A/,A/,A/,T/,A/,A/,A/,A/,A/,A/,A/,A/,A/,A/,A/,A/,A/,A/,A/
Supercontig_1.2,1685808,TCGCCATTCAACCAAAGAAG,intergenic,CLUG_02042,A,A/,A/,A/,A/,A/,A/,A/,A/,A/,A/,A/,A/,A/,A/,A/,A/,T/,A/,A/,A/
Supercontig_1.2,1695102,GAGGCAAACTTGTGAGGAAT,intergenic,CLUG_02046,T,T/,T/,T/,T/,T/,T/,T/,T/,T/,T/,T/,T/,T/,T/,T/,T/,A/,T/,T/,T/
Supercontig_1.2,1693706,AGTACGACTGGTTGTAGTAC,stop_gained,CLUG_02047,G,G/,G/,G/,G/,G/,G/,G/,G/,G/,G/,A/,G/,G/,G/,G/,G/,G/,G/,G/,G/
Supercontig_1.2,1751616,CTTCAACTTGGCGTAAAAAG,synonymous_variant,CLUG_02073,G,G/,G/,G/,G/,G/,G/,G/,C/,G/,G/,G/,G/,G/,G/,G/,G/,G/,G/,G/,G/
Supercontig_1.2,1765318,TTCAACCAGTTCAAAAGTCT,missense_variant,CLUG_02083,T,T/,T/,T/,T/,T/,T/,T/,T/,T/,T/,T/,T/,T/,T/,A/,T/,T/,T/,T/,T/
Supercontig_1.2,1840524,GTTGGAACATACAAGTCTGC,intergenic,CLUG_02120,T,G/,G/,G/,G/,G/,G/,G/,G/,G/,G/,G/,G/,G/,G/,T/,G/,G/,G/,G/,G/
Supercontig_1.2,1862561,GTGAAGCTGGTGGAGCTGGT,missense_variant,CLUG_02132,G,G/,G/,G/,G/,G/,G/,G/,G/,G/,G/,G/,A/,G/,G/,G/,G/,G/,G/,G/,G/
Supercontig_1.2,1883536,CGCGAGTTGTGGGCGGTGCG,missense_variant,CLUG_02146,T,T/,T/,T/,T/,T/,T/,T/,T/,T/,T/,T/,T/,T/,T/,T/,T/,C/,T/,T/,T/
Supercontig_1.2,1915158,GTAGTGGGTGAGTTTCCATG,synonymous_variant,CLUG_02159,G,G/,G/,G/,G/,G/,G/,G/,T/,G/,G/,G/,G/,G/,G/,G/,G/,G/,G/,G/,G/
Supercontig_1.2,1950029,TTTATGCACGGATGTTTGGA,intergenic,CLUG_02177,G,G/,G/,G/,G/,G/,G/,G/,G/,G/,G/,G/,G/,G/,A/,G/,G/,G/,G/,G/,G/
Supercontig_1.2,1995040,ATGAGGTGACAGTGCAATTG,missense_variant,CLUG_02200,C,C/,C/,C/,C/,C/,C/,C/,C/,T/,C/,C/,C/,C/,C/,C/,C/,C/,C/,C/,C/
Supercontig_1.2,2092082,ATTGCATTGGGGCTTATGAC,missense_variant,CLUG_02240,G,G/,G/,G/,G/,G/,T/,G/,G/,G/,G/,G/,G/,G/,G/,G/,G/,G/,G/,G/,G/
Supercontig_1.2,2100383,GTGCTTGTTGTTTGTGCTGT,missense_variant,CLUG_02244,G,G/,G/,G/,G/,G/,G/,G/,G/,G/,G/,G/,G/,G/,T/,G/,G/,G/,G/,G/,G/
Supercontig_1.3,7704,GATGTCGGTCGAGTGCGGGA,intergenic,CLUG_02301,C,C/,C/,C/,C/,C/,C/,C/,C/,C/,T/,C/,C/,C/,C/,C/,C/,C/,C/,C/,C/
Supercontig_1.3,7734,CTGTGAAGCGAGTTGAGTGC,intergenic,CLUG_02301,G,G/,G/,G/,G/,G/,G/,G/,G/,G/,A/,G/,G/,G/,G/,G/,G/,G/,G/,G/,G/
Supercontig_1.3,37436,GACAATCAAGTTCTTTTGAA,synonymous_variant,CLUG_02310,G,G/,G/,G/,G/,G/,G/,G/,G/,G/,G/,G/,G/,G/,G/,A/,G/,G/,G/,G/,G/
Supercontig_1.3,70229,GAACGCTGCCGACATGTACT,synonymous_variant,CLUG_02329,C,C/,C/,C/,C/,C/,C/,C/,C/,C/,C/,C/,C/,C/,C/,C/,C/,C/,C/,C/,A/
Supercontig_1.3,231200,TCCAAGTTTATCGTCACCCA,synonymous_variant,CLUG_02410,A,A/,A/,A/,A/,A/,A/,A/,A/,A/,A/,A/,G/,A/,A/,A/,A/,A/,A/,A/,A/
Supercontig_1.3,339784,GATTCTTGGACATACTCAGC,synonymous_variant,CLUG_02467,A,A/,A/,A/,A/,A/,A/,A/,A/,A/,A/,A/,A/,C/,A/,A/,A/,A/,A/,A/,A/
Supercontig_1.3,443080,AGGAGAGCCCTGGGCCACGT,synonymous_variant,CLUG_02534,C,C/,C/,C/,C/,C/,C/,C/,C/,C/,C/,C/,C/,T/,C/,C/,C/,C/,C/,C/,C/
Supercontig_1.3,580032,TCCACATATCTCCTACTAAC,missense_variant,CLUG_02605,C,A/,A/,A/,A/,A/,A/,A/,A/,A/,A/,A/,A/,A/,A/,C/,A/,A/,A/,A/,A/
Supercontig_1.3,809930,CACTTTATCACGAATTTTGC,intergenic,CLUG_02712,A,A/,A/,A/,A/,A/,A/,A/,A/,T/,A/,A/,A/,A/,A/,A/,A/,A/,A/,A/,A/
Supercontig_1.3,823702,ACACTATTGAAGATTATAAA,intergenic,CLUG_02715,A,G/,G/,G/,G/,G/,A/,G/,G/,G/,G/,G/,G/,G/,G/,G/,G/,G/,G/,G/,G/
Supercontig_1.3,1002673,TTTCGTAGACACATTGTTCA,synonymous_variant,CLUG_02790,C,C/,C/,C/,T/,C/,C/,C/,C/,C/,C/,C/,C/,C/,C/,C/,C/,C/,C/,C/,C/
Supercontig_1.3,1247833,TTCGGGCGGCACATGGGCGT,synonymous_variant,CLUG_02912,C,C/,C/,C/,C/,C/,C/,C/,C/,C/,C/,C/,C/,C/,C/,T/,C/,C/,C/,C/,C/
Supercontig_1.3,1272784,ATAAATGTCAAAACGCCGCA,intergenic,CLUG_02918,A,A/,A/,A/,A/,A/,A/,A/,A/,A/,G/,A/,A/,A/,A/,A/,A/,A/,A/,A/,A/
Supercontig_1.3,1273858,TGTCTTTTTCCCAATCTACT,missense_variant,CLUG_02919,C,C/,C/,C/,T/,C/,C/,C/,C/,C/,C/,C/,C/,C/,C/,C/,C/,C/,C/,C/,C/
Supercontig_1.3,1308162,TTCGTTCACACAAACGGGAA,intergenic,CLUG_02938,A,A/,A/,A/,A/,A/,A/,A/,A/,A/,A/,A/,A/,A/,A/,G/,A/,A/,A/,A/,A/
Supercontig_1.3,1307265,GCACACCATACGCTCTTGCT,missense_variant,CLUG_02939,A,A/,A/,A/,A/,A/,A/,A/,A/,A/,T/,A/,A/,A/,A/,A/,A/,A/,A/,A/,A/
Supercontig_1.3,1401576,ACAGACAACACAAACGCAAA,missense_variant,CLUG_02984,A,G/,G/,G/,G/,G/,G/,G/,G/,G/,G/,G/,G/,G/,A/,G/,G/,G/,G/,G/,G/
Supercontig_1.3,1494009,ATACGATGAGTTGGTGGACA,synonymous_variant,CLUG_03029,G,G/,G/,G/,G/,G/,G/,G/,A/,G/,G/,G/,G/,G/,G/,G/,G/,G/,G/,G/,G/
Supercontig_1.3,1523775,TCTTTCATATTTGTTTCGCT,intergenic,CLUG_03038,T,G/,G/,G/,G/,G/,G/,G/,G/,G/,G/,G/,G/,G/,G/,G/,G/,T/,G/,G/,G/
Supercontig_1.3,1607684,TGCTAATCTTGTTACTTCGC,synonymous_variant,CLUG_03076,T,T/,T/,T/,T/,T/,T/,T/,T/,C/,T/,T/,T/,T/,T/,T/,T/,T/,T/,T/,T/
Supercontig_1.3,1615702,GGACCTTGGGCGGCAAACCC,missense_variant,CLUG_03079,G,G/,G/,G/,G/,G/,G/,G/,G/,G/,G/,G/,G/,G/,G/,A/,G/,G/,G/,G/,G/
Supercontig_1.3,1647294,ACGTGCAAAGACGCAGAACT,missense_variant,CLUG_03093,G,G/,G/,G/,G/,G/,G/,G/,G/,G/,A/,G/,G/,G/,G/,G/,G/,G/,G/,G/,G/
Supercontig_1.3,1732900,ACGGCACAACGCAGTTGCAG,missense_variant,CLUG_03132,C,C/,C/,C/,C/,C/,C/,C/,C/,C/,C/,C/,T/,C/,C/,C/,C/,C/,C/,C/,C/
Supercontig_1.4,4352,GAGTCTATTTCATTTTGATT,intergenic,CLUG_03197,T,C/,C/,T/,C/,C/,C/,C/,C/,C/,C/,C/,C/,C/,C/,C/,C/,C/,C/,C/,C/
Supercontig_1.4,10445,GACGTTTAGTAGCGTATGCT,intergenic,CLUG_03200,T,A/,A/,T/,A/,A/,A/,A/,A/,A/,A/,A/,A/,A/,A/,A/,A/,A/,A/,A/,A/
Supercontig_1.4,25822,GTTATCGTCTGCCGTCTGAA,intergenic,CLUG_03205,T,T/,T/,T/,T/,T/,T/,T/,T/,T/,T/,T/,T/,T/,T/,T/,T/,C/,T/,T/,T/
Supercontig_1.4,85219,CCCACTTGAGCCCTGATTAC,intergenic,CLUG_03237,G,G/,G/,G/,G/,G/,G/,G/,G/,G/,G/,G/,G/,G/,G/,C/,G/,G/,G/,G/,G/
Supercontig_1.4,154707,TCCCAACCATCCCTTTCAGG,missense_variant,CLUG_03268,T,T/,T/,T/,T/,T/,T/,T/,T/,T/,C/,T/,T/,T/,T/,T/,T/,T/,T/,T/,T/
Supercontig_1.4,163731,GCGTGAACGAGTCCAACGAG,missense_variant,CLUG_03272,A,A/,C/,A/,A/,A/,A/,A/,A/,A/,A/,A/,A/,A/,A/,A/,A/,A/,A/,A/,A/
Supercontig_1.4,170496,CACCATTACCAGTGGAACGG,synonymous_variant,CLUG_03274,C,C/,C/,C/,C/,C/,C/,C/,C/,C/,C/,C/,C/,C/,C/,C/,C/,C/,G/,C/,C/
Supercontig_1.4,200594,CCGACGCCCGAGCTATCGCG,missense_variant,CLUG_03289,G,G/,G/,G/,G/,G/,G/,G/,G/,G/,G/,G/,G/,A/,G/,G/,G/,G/,G/,G/,G/
Supercontig_1.4,229570,TTGTGCAGGCAATTTCCATG,intergenic,CLUG_03302,C,C/,C/,C/,C/,C/,C/,C/,C/,C/,C/,C/,C/,C/,T/,C/,C/,C/,C/,C/,C/
Supercontig_1.4,322183,AACTAGACCTAATATTCAAA,intergenic,CLUG_03349,T,T/,T/,G/,T/,T/,T/,T/,T/,T/,T/,T/,T/,T/,T/,T/,T/,T/,T/,T/,T/
Supercontig_1.4,334939,AGCCACCTCGGGTATTTGCA,synonymous_variant,CLUG_03357,G,G/,G/,G/,G/,G/,G/,G/,G/,G/,G/,G/,G/,G/,G/,G/,G/,T/,G/,G/,G/
Supercontig_1.4,409325,CAGACCAAGGTAACGGATCA,intergenic,CLUG_03395,G,G/,G/,G/,G/,G/,G/,G/,G/,G/,G/,G/,G/,T/,G/,G/,G/,G/,G/,G/,G/
Supercontig_1.4,408266,TGCACAGGCAATGGCGAGAC,synonymous_variant,CLUG_03396,A,A/,A/,A/,G/,A/,A/,A/,A/,A/,A/,A/,A/,A/,A/,A/,A/,A/,A/,A/,A/
Supercontig_1.4,421393,AACGGAGCACATCTGTAGCA,missense_variant,CLUG_03399,C,C/,C/,C/,C/,T/,C/,C/,C/,C/,C/,C/,C/,C/,C/,C/,C/,C/,C/,C/,C/
Supercontig_1.4,462369,TTGACTTTGCACCTTTGAAG,missense_variant,CLUG_03416,C,C/,C/,C/,C/,C/,C/,C/,C/,C/,C/,C/,C/,C/,C/,C/,C/,C/,C/,T/,C/
Supercontig_1.4,551024,AAAAAAAAAAAGAAAAAAAA,intergenic,CLUG_03454,A,G/,G/,G/,G/,G/,G/,G/,G/,A/,G/,G/,G/,G/,G/,G/,G/,G/,G/,G/,G/
Supercontig_1.4,564730,CCAGTACCTAAAGGAGGCAT,missense_variant,CLUG_03468,A,A/,A/,A/,A/,A/,A/,A/,A/,A/,A/,A/,A/,A/,A/,C/,A/,A/,A/,A/,A/
Supercontig_1.4,841558,AAAGCTTTGGAGAAAGTTAA,missense_variant,CLUG_03620,G,G/,G/,A/,G/,G/,G/,G/,G/,G/,G/,G/,G/,G/,G/,G/,G/,G/,G/,G/,G/
Supercontig_1.4,874969,CCAAGCATAGGCCACGCAAA,synonymous_variant,CLUG_03642,G,G/,G/,G/,G/,G/,G/,G/,G/,G/,G/,G/,G/,G/,G/,C/,G/,G/,G/,G/,G/
Supercontig_1.4,874970,CAAGCATAGGCCACGCAAAT,missense_variant,CLUG_03642,G,G/,G/,G/,G/,G/,G/,G/,G/,G/,G/,G/,G/,G/,G/,T/,G/,G/,G/,G/,G/
Supercontig_1.4,921934,TAGATATCACTAGGCTAAAT,intergenic,CLUG_03663,C,C/,C/,C/,C/,C/,C/,C/,C/,C/,C/,C/,A/,C/,C/,C/,C/,C/,C/,C/,C/
Supercontig_1.4,1050361,TTCTTTTAGACAAATCGCGC,missense_variant,CLUG_03733,A,A/,A/,A/,A/,A/,A/,A/,A/,A/,A/,A/,A/,A/,A/,A/,A/,A/,A/,G/,A/
Supercontig_1.4,1058346,CACCAGCTCAGTGTACCGTA,intergenic,CLUG_03735,A,A/,A/,T/,A/,A/,A/,A/,A/,A/,A/,A/,A/,A/,A/,A/,A/,A/,A/,A/,A/
Supercontig_1.4,1073170,CAACTTGGACTTCAATGGTG,synonymous_variant,CLUG_03744,C,C/,C/,C/,C/,C/,C/,C/,C/,C/,C/,C/,T/,C/,C/,C/,C/,C/,C/,C/,C/
Supercontig_1.4,1203296,TCTTCCTATGCCTCCTCGGG,missense_variant,CLUG_03814,G,A/,A/,A/,A/,A/,A/,A/,A/,A/,A/,A/,A/,A/,A/,G/,A/,A/,A/,A/,A/
Supercontig_1.4,1311435,GGCATCTACGGGATCGCAAA,synonymous_variant,CLUG_03875,G,G/,G/,G/,G/,G/,G/,G/,G/,G/,G/,G/,G/,G/,G/,G/,G/,A/,G/,G/,G/
Supercontig_1.4,1341227,ATGAGTGAACCTTCGTAATG,missense_variant,CLUG_03891,C,C/,C/,C/,C/,C/,C/,C/,C/,C/,C/,C/,C/,T/,C/,C/,C/,C/,C/,C/,C/
Supercontig_1.4,1344397,GAACGGCAGGAGCTGGGCGA,missense_variant,CLUG_03892,G,G/,G/,G/,G/,G/,G/,G/,G/,G/,G/,G/,G/,A/,G/,G/,G/,G/,G/,G/,G/
Supercontig_1.4,1348337,CAACAACGACAAGCAGATTT,synonymous_variant,CLUG_03893,C,C/,T/,C/,C/,C/,C/,C/,C/,C/,C/,C/,C/,C/,C/,C/,C/,C/,C/,C/,C/
Supercontig_1.4,1361394,GGAGTTGAGGGCAGTTAAGT,missense_variant,CLUG_03902,G,G/,G/,G/,G/,G/,G/,G/,G/,G/,G/,G/,G/,G/,G/,G/,G/,G/,G/,G/,T/
Supercontig_1.4,1376232,CTTATACGAGTCATGGCCCT,missense_variant,CLUG_03907,G,G/,G/,G/,G/,G/,G/,G/,G/,G/,G/,G/,G/,G/,G/,G/,G/,G/,G/,C/,G/
Supercontig_1.4,1395144,CTAAAAGTGGTGTTGATTTC,missense_variant,CLUG_03914,G,G/,G/,G/,G/,G/,G/,G/,G/,G/,G/,G/,G/,G/,G/,C/,G/,G/,G/,G/,G/
Supercontig_1.4,1496143,TGCGGGTCGGATCTACACTA,missense_variant,CLUG_03970,G,G/,G/,G/,G/,G/,G/,G/,G/,G/,G/,G/,A/,G/,G/,G/,G/,G/,G/,G/,G/
Supercontig_1.4,1778203,GTAGGAGACGGATTGTTTTT,intergenic,CLUG_04095,G,G/,G/,G/,T/,G/,G/,G/,G/,G/,G/,G/,G/,G/,G/,G/,G/,G/,G/,G/,G/
Supercontig_1.4,1779558,GAAGTTGAAGAACGAGGTGT,missense_variant,CLUG_04098,G,G/,G/,G/,G/,G/,G/,G/,G/,G/,C/,G/,G/,G/,G/,G/,G/,G/,G/,G/,G/
Supercontig_1.5,11535,TGAGAGTGAAAGTGAGAGTG,synonymous_variant,CLUG_04108,A,A/,A/,A/,A/,A/,A/,A/,A/,A/,A/,A/,A/,A/,A/,A/,A/,A/,A/,A/,G/
Supercontig_1.5,168096,TTGTAATTATGTTCTCAATC,intergenic,CLUG_04180,T,C/,C/,C/,C/,C/,C/,C/,C/,C/,C/,C/,C/,C/,C/,C/,T/,C/,C/,C/,C/
Supercontig_1.5,226744,TTTTTTTTTTGTCTTTTTTT,intergenic,CLUG_04209,T,T/,T/,T/,T/,T/,T/,T/,T/,T/,T/,T/,T/,T/,T/,T/,T/,T/,T/,C/,T/
Supercontig_1.5,242514,TGAGTGGTTGACCACTCCAT,synonymous_variant,CLUG_04220,G,G/,G/,G/,G/,G/,G/,G/,G/,G/,G/,G/,G/,G/,G/,G/,G/,G/,A/,G/,G/
Supercontig_1.5,318089,TTGCCTGGGCCATTGGGCCC,missense_variant,CLUG_04254,C,C/,C/,C/,C/,C/,C/,C/,C/,C/,C/,C/,C/,C/,C/,C/,T/,C/,C/,C/,C/
Supercontig_1.5,342622,ATTAGGATGTATACTACAAT,intergenic,CLUG_04272,T,T/,T/,T/,T/,T/,T/,T/,T/,T/,T/,T/,T/,T/,T/,C/,T/,T/,T/,T/,T/
Supercontig_1.5,412624,TATGCTACTCCCAATTTCTT,intergenic,CLUG_04300,C,C/,C/,C/,C/,C/,C/,C/,C/,C/,C/,C/,C/,C/,C/,C/,C/,C/,C/,T/,C/
Supercontig_1.5,422947,GACAAGGCCTTAATCTCGTC,intergenic,CLUG_04302,T,T/,G/,T/,T/,T/,T/,T/,T/,T/,T/,T/,T/,T/,T/,T/,T/,T/,T/,T/,T/
Supercontig_1.5,479214,ATTGACACCTACGTAAACCA,intergenic,CLUG_04329,T,G/,G/,G/,G/,G/,T/,G/,G/,G/,G/,G/,G/,G/,G/,G/,G/,G/,G/,G/,G/
Supercontig_1.5,645618,ATAATCTTATCTAAAACATA,intergenic,CLUG_04414,T,T/,T/,T/,T/,T/,T/,T/,T/,T/,T/,T/,T/,T/,T/,T/,A/,T/,T/,T/,T/
Supercontig_1.5,854209,TTGCCTCCCAGTGATAAATA,intergenic,CLUG_04509,A,A/,A/,A/,A/,A/,A/,A/,A/,A/,A/,A/,A/,A/,A/,A/,A/,A/,A/,T/,A/
Supercontig_1.5,888996,TATCTTGACCGGGTGGCATA,missense_variant,CLUG_04532,C,C/,C/,C/,C/,C/,C/,C/,C/,C/,C/,C/,C/,C/,C/,T/,C/,C/,C/,C/,C/
Supercontig_1.5,1069781,ATTGGGGGCCAGAAAAACCG,missense_variant,CLUG_04642,C,C/,C/,C/,C/,C/,C/,C/,C/,C/,C/,C/,C/,C/,C/,T/,C/,C/,C/,C/,C/
Supercontig_1.5,1072930,GCATTATTGGATATAGTCGA,missense_variant,CLUG_04643,G,G/,G/,G/,G/,G/,G/,G/,G/,G/,G/,G/,G/,G/,G/,G/,G/,G/,G/,T/,G/
Supercontig_1.5,1154761,CACTAAATGATGCATTCCAC,intergenic,CLUG_04689,A,A/,A/,A/,A/,A/,A/,A/,A/,A/,A/,A/,A/,A/,A/,A/,A/,A/,A/,C/,A/
Supercontig_1.5,1228578,TTGGGCTCCCCAACATGCTA,missense_variant,CLUG_04730,C,A/,A/,A/,A/,A/,A/,A/,A/,A/,A/,A/,A/,A/,A/,C/,A/,A/,A/,A/,A/
Supercontig_1.5,1263478,CATCACTTATGGACAAATAA,intergenic,CLUG_04745,T,T/,T/,T/,G/,T/,T/,T/,T/,T/,T/,T/,T/,T/,T/,T/,T/,T/,T/,T/,T/
Supercontig_1.5,1270264,TCAAGATTGGTCAACGATGT,stop_gained,CLUG_04749,G,G/,G/,G/,G/,G/,G/,G/,G/,G/,G/,G/,G/,A/,G/,G/,G/,G/,G/,G/,G/
Supercontig_1.5,1286128,GCTTTCCATCTAAATGAGGT,missense_variant,CLUG_04760,C,C/,C/,C/,C/,C/,C/,C/,C/,C/,C/,C/,A/,C/,C/,C/,C/,C/,C/,C/,C/
Supercontig_1.5,1323785,CTTTACAGCCCTCTCAACTG,intergenic,CLUG_04777,C,C/,C/,C/,C/,C/,C/,C/,C/,C/,G/,C/,C/,C/,C/,C/,C/,C/,C/,C/,C/
Supercontig_1.5,1362671,AAGCGAAAGCAGCAATTGGC,stop_gained,CLUG_04796,C,C/,C/,C/,C/,C/,C/,T/,C/,C/,C/,C/,C/,C/,C/,C/,C/,C/,C/,C/,C/
Supercontig_1.6,75936,TCACTCAAGGTGTCAAATCC,intergenic,CLUG_04865,G,G/,G/,G/,G/,G/,G/,G/,G/,G/,G/,G/,G/,G/,G/,G/,G/,A/,G/,G/,G/
Supercontig_1.6,183196,AAATCATAGATGGATTACAG,intergenic,CLUG_04911,A,A/,A/,A/,A/,A/,A/,A/,A/,A/,A/,A/,A/,A/,A/,A/,A/,C/,A/,A/,A/
Supercontig_1.6,191003,ACGAAATCAGAATGATCAAC,missense_variant,CLUG_04916,G,G/,G/,G/,G/,G/,G/,G/,G/,G/,G/,G/,G/,A/,G/,G/,G/,G/,G/,G/,G/
Supercontig_1.6,210544,GGGTGTTTTGCCCACTAATG,intergenic,CLUG_04924,G,G/,G/,G/,T/,G/,G/,G/,G/,G/,G/,G/,G/,G/,G/,G/,G/,G/,G/,G/,G/
Supercontig_1.6,277888,CTGGTGATTCAGACCAATCT,stop_gained,CLUG_04966,C,C/,C/,C/,C/,C/,G/,C/,C/,C/,C/,C/,C/,C/,C/,C/,C/,C/,C/,C/,C/
Supercontig_1.6,311615,GAAGAGGTGTTCGATTTACA,intergenic,CLUG_04980,T,G/,G/,G/,G/,G/,G/,G/,G/,G/,G/,G/,G/,G/,G/,T/,G/,G/,G/,G/,G/
Supercontig_1.6,322275,GGGTACAATATTCTTGATGT,missense_variant,CLUG_04988,A,A/,A/,A/,A/,A/,A/,A/,A/,T/,A/,A/,A/,A/,A/,A/,A/,A/,A/,A/,A/
Supercontig_1.6,339978,CGATTGTATAGTAGCATCCG,intergenic,CLUG_04992,A,A/,A/,A/,A/,A/,A/,A/,A/,A/,A/,A/,A/,A/,A/,A/,A/,T/,A/,A/,A/
Supercontig_1.6,340043,ATATCAAGTAAAGATATCAA,intergenic,CLUG_04992,A,A/,A/,A/,A/,A/,A/,A/,A/,A/,A/,A/,A/,A/,A/,A/,A/,A/,A/,G/,A/
Supercontig_1.6,443761,AATACCAGAGCAATATCAGA,intergenic,CLUG_05041,G,C/,C/,C/,C/,C/,C/,C/,C/,C/,C/,C/,C/,G/,C/,C/,C/,C/,C/,C/,C/
Supercontig_1.6,482750,TTGAAGAGATGCCGCAAACT,missense_variant,CLUG_05063,T,T/,T/,T/,T/,T/,T/,T/,T/,T/,T/,T/,T/,T/,T/,T/,T/,C/,T/,T/,T/
Supercontig_1.6,515317,GGAATATGCCGATGGTTGAG,synonymous_variant,CLUG_05084,C,C/,C/,C/,C/,C/,C/,C/,C/,C/,T/,C/,C/,C/,C/,C/,C/,C/,C/,C/,C/
Supercontig_1.6,528486,TCAAGCTAATTTTCCATTCT,intergenic,CLUG_05089,T,C/,C/,C/,C/,C/,C/,C/,C/,C/,C/,C/,C/,C/,C/,C/,C/,T/,C/,C/,C/
Supercontig_1.6,528497,TTCCATTCTTTTCCAATAAT,intergenic,CLUG_05089,T,C/,C/,C/,C/,C/,C/,C/,C/,C/,C/,C/,C/,C/,C/,C/,C/,T/,C/,C/,C/
Supercontig_1.6,559405,ATTACTCCATCTACATCTTG,intergenic,CLUG_05107,T,T/,T/,T/,T/,T/,T/,T/,T/,T/,A/,T/,T/,T/,T/,T/,T/,T/,T/,T/,T/
Supercontig_1.6,573873,GAATTAAGCCGTTTTCGCAT,intergenic,CLUG_05116,C,T/,T/,T/,T/,T/,T/,T/,T/,T/,T/,T/,T/,T/,T/,T/,T/,C/,T/,T/,T/
Supercontig_1.6,641984,TAATTTTGTTTGTTTGTTTC,intergenic,CLUG_05143,T,A/,A/,A/,A/,A/,A/,A/,A/,A/,A/,A/,A/,A/,A/,A/,A/,A/,T/,A/,A/
Supercontig_1.6,641966,TTGTTGTAATTTTGTTTGTA,intergenic,CLUG_05143,T,C/,C/,C/,C/,C/,C/,C/,C/,C/,C/,C/,C/,C/,C/,C/,C/,C/,T/,C/,C/
Supercontig_1.6,641971,GTAATTTTGTTTGTAATTTT,intergenic,CLUG_05143,T,C/,C/,C/,C/,C/,C/,C/,C/,C/,C/,C/,C/,C/,C/,C/,C/,C/,T/,C/,C/
Supercontig_1.6,645683,AAAAACACTTCTGCGGATAG,intergenic,CLUG_05144,T,T/,T/,T/,A/,T/,T/,T/,T/,T/,T/,T/,T/,T/,T/,T/,T/,T/,T/,T/,T/
Supercontig_1.6,679073,AGCCTCACAACTAGGGCTCG,intergenic,CLUG_05162,A,G/,G/,G/,G/,G/,G/,G/,G/,A/,G/,G/,G/,G/,G/,G/,G/,G/,G/,G/,G/
Supercontig_1.6,679090,TCGGACAACCCCGATTTGTA,intergenic,CLUG_05162,C,A/,A/,A/,A/,A/,A/,A/,A/,C/,A/,A/,A/,A/,A/,A/,A/,A/,A/,A/,A/
Supercontig_1.6,679098,CCCCGATTTGTAAGGGTTGA,intergenic,CLUG_05162,G,A/,A/,A/,A/,A/,A/,A/,A/,G/,A/,A/,A/,A/,A/,A/,A/,A/,A/,A/,A/
Supercontig_1.6,679082,ACTAGGGCTCGGACAACCCC,intergenic,CLUG_05162,C,T/,T/,T/,T/,T/,T/,T/,T/,C/,T/,T/,T/,T/,T/,T/,T/,T/,T/,T/,T/
Supercontig_1.6,699061,AACGGATTGACACAATATTT,intergenic,CLUG_05173,A,A/,A/,A/,A/,A/,A/,A/,A/,A/,C/,A/,A/,A/,A/,A/,A/,A/,A/,A/,A/
Supercontig_1.6,740812,GGTAGAAAAAAGAAAGATAT,intergenic,CLUG_05198,A,A/,A/,A/,A/,A/,A/,A/,A/,A/,A/,A/,A/,A/,A/,A/,A/,G/,A/,A/,A/
Supercontig_1.7,6511,TATCCTCTTTAACACGAAAA,intergenic,CLUG_05234,T,T/,T/,T/,A/,T/,T/,T/,T/,T/,T/,T/,T/,T/,T/,T/,T/,T/,T/,T/,T/
Supercontig_1.7,90340,CGGAACATATTATATCCAAC,intergenic,CLUG_05276,T,A/,A/,A/,A/,A/,A/,A/,A/,A/,A/,A/,A/,A/,T/,A/,A/,A/,A/,A/,A/
Supercontig_1.7,90312,GGAGGATTGCTGATTTCCCT,intergenic,CLUG_05276,C,G/,G/,G/,G/,G/,G/,G/,G/,G/,G/,G/,G/,G/,C/,G/,G/,G/,G/,G/,G/
Supercontig_1.7,175443,TTCGTCCAACAAGTTCTCGG,synonymous_variant,CLUG_05321,C,C/,C/,C/,C/,C/,C/,C/,C/,C/,T/,C/,C/,C/,C/,C/,C/,C/,C/,C/,C/
Supercontig_1.7,187726,TCATTCTAGCACGTCTATAG,intergenic,CLUG_05328,C,C/,C/,C/,C/,C/,T/,C/,C/,C/,C/,C/,C/,C/,C/,C/,C/,C/,C/,C/,C/
Supercontig_1.7,187744,AGATTGACATAAAAATAATG,intergenic,CLUG_05328,T,T/,T/,T/,T/,T/,A/,T/,T/,T/,T/,T/,T/,T/,T/,T/,T/,T/,T/,T/,T/
Supercontig_1.7,233819,CGCCATGCCCGGATAAGCGC,missense_variant,CLUG_05353,C,C/,T/,C/,C/,C/,C/,C/,C/,C/,C/,C/,C/,C/,C/,C/,C/,C/,C/,C/,C/
Supercontig_1.7,246685,CACGAAAATCGACCGCTCGT,stop_gained,CLUG_05357,C,C/,C/,C/,C/,C/,C/,C/,C/,C/,T/,C/,C/,C/,C/,C/,C/,C/,C/,C/,C/
Supercontig_1.7,268320,TTTTTCATCACTTTCCGAGC,intergenic,CLUG_05366,A,A/,A/,A/,A/,A/,T/,A/,A/,A/,A/,A/,A/,A/,A/,A/,A/,A/,A/,A/,A/
Supercontig_1.7,362128,TGGATTCGACAATTTCTAGC,missense_variant,CLUG_05412,C,C/,C/,C/,C/,C/,C/,C/,C/,C/,C/,C/,C/,C/,C/,T/,C/,C/,C/,C/,C/
Supercontig_1.7,364638,AAATACCCCGATAAACTTTC,missense_variant,CLUG_05412,G,G/,G/,G/,G/,G/,G/,G/,G/,G/,G/,G/,G/,G/,G/,A/,G/,G/,G/,G/,G/
Supercontig_1.7,392025,GAAGAAGGAAACAAATGCTG,synonymous_variant,CLUG_05426,A,A/,A/,A/,G/,A/,A/,A/,A/,A/,A/,A/,A/,A/,A/,A/,A/,A/,A/,A/,A/
Supercontig_1.7,426216,GGTCTAATTAATAATTCTAA,intergenic,CLUG_05443,A,G/,G/,G/,G/,G/,G/,G/,G/,G/,G/,A/,G/,G/,G/,G/,G/,G/,G/,G/,G/
Supercontig_1.7,442421,ACAAGAACGACCGCTATCGC,missense_variant,CLUG_05452,A,A/,A/,A/,A/,A/,A/,A/,A/,A/,A/,C/,A/,A/,A/,A/,A/,A/,A/,A/,A/
Supercontig_1.7,465974,CATGAGCGACCACCGCCCGG,missense_variant,CLUG_05466,C,C/,C/,C/,C/,C/,C/,C/,C/,C/,C/,C/,C/,C/,C/,C/,C/,C/,C/,G/,C/
Supercontig_1.7,624802,AGGTAGAAGCGAAGATGCTG,intergenic,CLUG_05531,C,G/,G/,G/,G/,G/,G/,G/,G/,G/,G/,G/,G/,G/,G/,C/,G/,G/,G/,G/,G/
Supercontig_1.7,669525,CGTGCAACCACGGCCCGCAA,missense_variant,CLUG_05549,A,A/,A/,A/,A/,A/,A/,A/,A/,A/,T/,A/,A/,A/,A/,A/,A/,A/,A/,A/,A/
Supercontig_1.7,704402,AAATGCGATGGTCGTCTTGG,missense_variant,CLUG_05570,G,G/,G/,G/,G/,G/,G/,G/,G/,G/,G/,G/,G/,G/,G/,G/,A/,G/,G/,G/,G/
Supercontig_1.8,77985,AGTCTATAGCATTGGATCAA,intergenic,CLUG_05622,C,C/,C/,C/,C/,T/,C/,C/,C/,C/,C/,C/,C/,C/,C/,C/,C/,C/,C/,C/,C/
Supercontig_1.8,188899,TGGAGGCGGCCCATGGCAAA,missense_variant,CLUG_05684,C,C/,C/,C/,C/,C/,C/,C/,C/,C/,C/,C/,C/,C/,C/,C/,C/,C/,C/,T/,C/
Supercontig_1.8,463800,AGCACGGCAGATGTCTCTTC,missense_variant,CLUG_05805,G,G/,G/,G/,G/,G/,G/,G/,G/,G/,G/,G/,G/,G/,G/,G/,G/,G/,G/,C/,G/
Supercontig_1.8,471368,ACTTATCAGGCTTGAACCAG,intergenic,CLUG_05808,G,G/,G/,G/,G/,G/,G/,G/,G/,G/,G/,G/,G/,A/,G/,G/,G/,G/,G/,G/,G/
Supercontig_1.8,535627,ATCAGAATACGACGAGAAAG,synonymous_variant,CLUG_05843,C,C/,C/,C/,C/,C/,C/,C/,C/,C/,C/,C/,C/,C/,C/,T/,C/,C/,C/,C/,C/
Supercontig_1.8,649363,AGCGGTGCATCCACAAGAGC,missense_variant,CLUG_05903,T,T/,T/,T/,T/,T/,T/,T/,T/,T/,T/,T/,T/,A/,T/,T/,T/,T/,T/,T/,T/
MT_CBS_6936,2204,CCGATTCTTCTTGTGAAAGA,intergenic,nad2,C,C/,C/,C/,C/,C/,C/,C/,C/,C/,C/,C/,C/,C/,C/,A/,C/,C/,C/,C/,C/
MT_CBS_6936,6047,TTAAATTTAGGAATAATATT,missense_variant,nad4,G,G/,G/,G/,G/,G/,G/,G/,G/,G/,G/,G/,G/,G/,G/,G/,G/,G/,T/,G/,G/
MT_CBS_6936,9323,GGGCGTCGACATCAGCGAAA,intergenic,orf102,C,C/,C/,C/,C/,C/,C/,C/,C/,C/,C/,C/,C/,C/,C/,C/,C/,C/,C/,T/,C/
MT_CBS_6936,8875,ATAGCTTACTGCATACTAGT,intergenic,orf102,T,T/,T/,G/,T/,T/,T/,T/,T/,T/,T/,T/,T/,T/,T/,T/,T/,T/,T/,T/,T/
MT_CBS_6936,14965,AAATCATATCGACTCAGAGC,synonymous_variant,trnQ(uug),C,C/,C/,C/,C/,C/,T/,C/,C/,C/,C/,C/,C/,C/,C/,C/,C/,C/,C/,C/,C/