STRAIN,CHR,POS,REF,ALT,MINOR_AF,CLASSIFICATION
realign,Supercontig_1.1,24181,G,A,0.279,POLYMORPHIC
realign,Supercontig_1.1,178159,A,C,0.750,POLYMORPHIC
realign,Supercontig_1.1,243434,T,A,0.242,POLYMORPHIC
realign,Supercontig_1.1,350988,C,T,0.533,POLYMORPHIC
realign,Supercontig_1.1,351138,T,C,0.571,POLYMORPHIC
realign,Supercontig_1.1,351246,T,C,0.605,POLYMORPHIC
realign,Supercontig_1.1,477509,A,T,0.208,POLYMORPHIC
realign,Supercontig_1.1,513717,T,A,0.212,POLYMORPHIC
realign,Supercontig_1.1,813156,C,A,0.213,POLYMORPHIC
realign,Supercontig_1.1,813441,C,T,0.602,POLYMORPHIC
realign,Supercontig_1.1,815422,C,T,0.312,POLYMORPHIC
realign,Supercontig_1.1,969786,C,T,0.511,POLYMORPHIC
realign,Supercontig_1.1,969936,T,C,0.654,POLYMORPHIC
realign,Supercontig_1.1,970044,T,C,0.554,POLYMORPHIC
realign,Supercontig_1.1,1018469,T,A,0.259,POLYMORPHIC
realign,Supercontig_1.1,1018633,T,A,0.273,POLYMORPHIC
realign,Supercontig_1.1,1018634,C,T,0.245,POLYMORPHIC
realign,Supercontig_1.1,1059267,C,A,0.265,POLYMORPHIC
realign,Supercontig_1.1,1116686,C,T,0.211,POLYMORPHIC
realign,Supercontig_1.1,1625987,A,T,0.398,POLYMORPHIC
realign,Supercontig_1.1,1760346,C,T,0.250,POLYMORPHIC
realign,Supercontig_1.1,1877509,G,A,0.217,POLYMORPHIC
realign,Supercontig_1.1,2059494,G,A,0.242,POLYMORPHIC
realign,Supercontig_1.1,2062018,A,T,0.333,POLYMORPHIC
realign,Supercontig_1.1,2395479,G,T,0.305,POLYMORPHIC
realign,Supercontig_1.1,2395741,G,T,0.203,POLYMORPHIC
realign,Supercontig_1.2,316,T,A,0.417,POLYMORPHIC
realign,Supercontig_1.2,457,C,A,0.312,POLYMORPHIC
realign,Supercontig_1.2,450791,C,T,0.580,POLYMORPHIC
realign,Supercontig_1.2,709851,C,T,0.381,POLYMORPHIC
realign,Supercontig_1.2,709852,C,T,0.289,POLYMORPHIC
realign,Supercontig_1.2,1059067,C,G,0.388,POLYMORPHIC
realign,Supercontig_1.2,1059883,T,C,0.311,POLYMORPHIC
realign,Supercontig_1.2,1059967,C,A,0.275,POLYMORPHIC
realign,Supercontig_1.2,1060252,C,T,0.231,POLYMORPHIC
realign,Supercontig_1.2,1062228,C,T,0.325,POLYMORPHIC
realign,Supercontig_1.2,1071197,C,A,0.229,POLYMORPHIC
realign,Supercontig_1.2,1280755,G,T,0.375,POLYMORPHIC
realign,Supercontig_1.2,1280761,C,T,0.309,POLYMORPHIC
realign,Supercontig_1.2,1280788,T,A,0.345,POLYMORPHIC
realign,Supercontig_1.2,1280854,C,T,0.318,POLYMORPHIC
realign,Supercontig_1.2,1280863,C,T,0.351,POLYMORPHIC
realign,Supercontig_1.2,1280900,T,A,0.392,POLYMORPHIC
realign,Supercontig_1.2,1281109,C,T,0.478,POLYMORPHIC
realign,Supercontig_1.2,1281112,C,T,0.402,POLYMORPHIC
realign,Supercontig_1.2,1281118,T,A,0.394,POLYMORPHIC
realign,Supercontig_1.2,1281121,C,T,0.457,POLYMORPHIC
realign,Supercontig_1.2,1281133,T,G,0.260,POLYMORPHIC
realign,Supercontig_1.2,1281136,T,C,0.265,POLYMORPHIC
realign,Supercontig_1.2,1281145,T,A,0.274,POLYMORPHIC
realign,Supercontig_1.2,1281151,T,C,0.420,POLYMORPHIC
realign,Supercontig_1.2,1281202,A,T,0.206,POLYMORPHIC
realign,Supercontig_1.2,1281208,A,T,0.209,POLYMORPHIC
realign,Supercontig_1.2,1281211,C,A,0.282,POLYMORPHIC
realign,Supercontig_1.2,1281220,C,T,0.203,POLYMORPHIC
realign,Supercontig_1.2,1281223,C,A,0.217,POLYMORPHIC
realign,Supercontig_1.2,1281280,A,T,0.247,POLYMORPHIC
realign,Supercontig_1.2,1281457,G,A,0.606,POLYMORPHIC
realign,Supercontig_1.2,1281493,C,T,0.466,POLYMORPHIC
realign,Supercontig_1.2,1281505,C,T,0.286,POLYMORPHIC
realign,Supercontig_1.2,1281541,T,A,0.209,POLYMORPHIC
realign,Supercontig_1.2,1281544,A,T,0.253,POLYMORPHIC
realign,Supercontig_1.2,1281553,T,C,0.308,POLYMORPHIC
realign,Supercontig_1.2,1281559,C,T,0.407,POLYMORPHIC
realign,Supercontig_1.2,1281589,A,T,0.215,POLYMORPHIC
realign,Supercontig_1.2,1281592,T,A,0.264,POLYMORPHIC
realign,Supercontig_1.2,1281913,C,T,0.214,POLYMORPHIC
realign,Supercontig_1.2,1281916,T,C,0.246,POLYMORPHIC
realign,Supercontig_1.2,1419546,A,T,0.244,POLYMORPHIC
realign,Supercontig_1.2,1532600,G,A,0.237,POLYMORPHIC
realign,Supercontig_1.2,1532611,T,A,0.253,POLYMORPHIC
realign,Supercontig_1.2,1532613,G,C,0.260,POLYMORPHIC
realign,Supercontig_1.2,1532623,T,C,0.269,POLYMORPHIC
realign,Supercontig_1.2,1532651,C,A,0.303,POLYMORPHIC
realign,Supercontig_1.2,1532679,A,T,0.302,POLYMORPHIC
realign,Supercontig_1.2,1774578,G,A,0.327,POLYMORPHIC
realign,Supercontig_1.2,1840143,G,T,0.271,POLYMORPHIC
realign,Supercontig_1.2,2133645,T,A,0.383,POLYMORPHIC
realign,Supercontig_1.2,2133653,C,A,0.231,POLYMORPHIC
realign,Supercontig_1.2,2208624,G,T,0.216,POLYMORPHIC
realign,Supercontig_1.2,2209143,A,T,0.202,POLYMORPHIC
realign,Supercontig_1.2,2209152,A,T,0.218,POLYMORPHIC
realign,Supercontig_1.2,2209638,G,T,0.250,POLYMORPHIC
realign,Supercontig_1.3,7089,G,T,0.421,POLYMORPHIC
realign,Supercontig_1.3,14445,G,T,0.380,POLYMORPHIC
realign,Supercontig_1.3,14505,C,G,0.628,POLYMORPHIC
realign,Supercontig_1.3,18991,A,T,0.219,POLYMORPHIC
realign,Supercontig_1.3,136053,T,A,0.280,POLYMORPHIC
realign,Supercontig_1.3,444019,G,A,0.318,POLYMORPHIC
realign,Supercontig_1.3,444020,G,A,0.500,POLYMORPHIC
realign,Supercontig_1.3,444023,T,A,0.304,POLYMORPHIC
realign,Supercontig_1.3,620574,G,A,0.250,POLYMORPHIC
realign,Supercontig_1.3,620576,G,A,0.450,POLYMORPHIC
realign,Supercontig_1.3,1085841,C,A,0.292,POLYMORPHIC
realign,Supercontig_1.3,1168402,C,A,0.215,POLYMORPHIC
realign,Supercontig_1.3,1168435,C,A,0.232,POLYMORPHIC
realign,Supercontig_1.3,1168464,A,T,0.286,POLYMORPHIC
realign,Supercontig_1.3,1168486,G,T,0.317,POLYMORPHIC
realign,Supercontig_1.3,1168497,A,T,0.212,POLYMORPHIC
realign,Supercontig_1.3,1231648,A,T,0.226,POLYMORPHIC
realign,Supercontig_1.3,1239751,C,A,0.259,POLYMORPHIC
realign,Supercontig_1.3,1349688,C,A,0.341,POLYMORPHIC
realign,Supercontig_1.3,1349702,C,A,0.316,POLYMORPHIC
realign,Supercontig_1.3,1349716,C,A,0.310,POLYMORPHIC
realign,Supercontig_1.3,1349730,C,A,0.269,POLYMORPHIC
realign,Supercontig_1.3,1349744,C,A,0.312,POLYMORPHIC
realign,Supercontig_1.3,1349758,C,A,0.217,POLYMORPHIC
realign,Supercontig_1.3,1359286,C,A,0.329,POLYMORPHIC
realign,Supercontig_1.3,1646206,C,A,0.214,POLYMORPHIC
realign,Supercontig_1.3,1845819,G,T,0.216,POLYMORPHIC
realign,Supercontig_1.3,1845822,T,A,0.220,POLYMORPHIC
realign,Supercontig_1.3,1845843,A,G,0.228,POLYMORPHIC
realign,Supercontig_1.3,1845849,A,G,0.236,POLYMORPHIC
realign,Supercontig_1.3,1845852,G,A,0.202,POLYMORPHIC
realign,Supercontig_1.3,1845869,A,G,0.207,POLYMORPHIC
realign,Supercontig_1.3,1861434,T,C,0.224,POLYMORPHIC
realign,Supercontig_1.3,1861444,T,C,0.227,POLYMORPHIC
realign,Supercontig_1.3,1861445,G,T,0.221,POLYMORPHIC
realign,Supercontig_1.3,1861453,A,G,0.205,POLYMORPHIC
realign,Supercontig_1.3,1861456,A,G,0.221,POLYMORPHIC
realign,Supercontig_1.3,1861465,T,C,0.207,POLYMORPHIC
realign,Supercontig_1.3,1861591,T,C,0.263,POLYMORPHIC
realign,Supercontig_1.3,1861592,C,T,0.257,POLYMORPHIC
realign,Supercontig_1.3,1861616,C,T,0.285,POLYMORPHIC
realign,Supercontig_1.3,1861626,G,C,0.307,POLYMORPHIC
realign,Supercontig_1.3,1861640,T,G,0.305,POLYMORPHIC
realign,Supercontig_1.3,1861655,G,T,0.308,POLYMORPHIC
realign,Supercontig_1.3,1861688,A,T,0.350,POLYMORPHIC
realign,Supercontig_1.3,1861767,C,A,0.359,POLYMORPHIC
realign,Supercontig_1.3,1861773,A,C,0.368,POLYMORPHIC
realign,Supercontig_1.3,1861822,A,G,0.302,POLYMORPHIC
realign,Supercontig_1.3,1861824,C,T,0.279,POLYMORPHIC
realign,Supercontig_1.3,1861829,C,G,0.285,POLYMORPHIC
realign,Supercontig_1.3,1861837,T,C,0.287,POLYMORPHIC
realign,Supercontig_1.3,1861838,T,A,0.296,POLYMORPHIC
realign,Supercontig_1.3,1861851,C,G,0.307,POLYMORPHIC
realign,Supercontig_1.3,1861938,A,G,0.347,POLYMORPHIC
realign,Supercontig_1.3,1861946,C,G,0.300,POLYMORPHIC
realign,Supercontig_1.3,1861948,A,G,0.306,POLYMORPHIC
realign,Supercontig_1.3,1861950,T,A,0.306,POLYMORPHIC
realign,Supercontig_1.3,1861954,C,T,0.318,POLYMORPHIC
realign,Supercontig_1.3,1861980,G,A,0.331,POLYMORPHIC
realign,Supercontig_1.3,1861984,T,C,0.349,POLYMORPHIC
realign,Supercontig_1.3,1861996,T,A,0.296,POLYMORPHIC
realign,Supercontig_1.3,1861998,T,C,0.319,POLYMORPHIC
realign,Supercontig_1.3,1862034,G,T,0.294,POLYMORPHIC
realign,Supercontig_1.3,1862040,G,T,0.292,POLYMORPHIC
realign,Supercontig_1.3,1862055,C,T,0.256,POLYMORPHIC
realign,Supercontig_1.3,1862097,G,A,0.220,POLYMORPHIC
realign,Supercontig_1.3,1862112,G,A,0.216,POLYMORPHIC
realign,Supercontig_1.3,1862422,T,G,0.240,POLYMORPHIC
realign,Supercontig_1.3,1862435,T,C,0.261,POLYMORPHIC
realign,Supercontig_1.3,1862441,A,G,0.262,POLYMORPHIC
realign,Supercontig_1.3,1862447,T,C,0.297,POLYMORPHIC
realign,Supercontig_1.3,1862453,C,T,0.277,POLYMORPHIC
realign,Supercontig_1.3,1862508,T,C,0.320,POLYMORPHIC
realign,Supercontig_1.3,1862560,G,A,0.332,POLYMORPHIC
realign,Supercontig_1.3,1862577,T,C,0.306,POLYMORPHIC
realign,Supercontig_1.3,1862628,C,T,0.290,POLYMORPHIC
realign,Supercontig_1.3,1862629,A,T,0.300,POLYMORPHIC
realign,Supercontig_1.3,1862639,A,T,0.216,POLYMORPHIC
realign,Supercontig_1.3,1862641,A,T,0.215,POLYMORPHIC
realign,Supercontig_1.3,1862651,T,G,0.203,POLYMORPHIC
realign,Supercontig_1.3,1862656,C,G,0.221,POLYMORPHIC
realign,Supercontig_1.3,1862682,T,C,0.308,POLYMORPHIC
realign,Supercontig_1.3,1862687,C,A,0.291,POLYMORPHIC
realign,Supercontig_1.3,1862689,C,A,0.290,POLYMORPHIC
realign,Supercontig_1.3,1862695,G,A,0.292,POLYMORPHIC
realign,Supercontig_1.3,1862710,T,G,0.282,POLYMORPHIC
realign,Supercontig_1.3,1862721,A,T,0.272,POLYMORPHIC
realign,Supercontig_1.3,1862729,T,C,0.245,POLYMORPHIC
realign,Supercontig_1.3,1862740,A,T,0.205,POLYMORPHIC
realign,Supercontig_1.3,1862823,G,C,0.231,POLYMORPHIC
realign,Supercontig_1.3,1862827,C,T,0.221,POLYMORPHIC
realign,Supercontig_1.3,1862837,G,A,0.223,POLYMORPHIC
realign,Supercontig_1.3,1862853,A,C,0.225,POLYMORPHIC
realign,Supercontig_1.3,1862863,A,T,0.234,POLYMORPHIC
realign,Supercontig_1.3,1862879,G,A,0.215,POLYMORPHIC
realign,Supercontig_1.3,1862884,A,C,0.221,POLYMORPHIC
realign,Supercontig_1.3,1862897,A,C,0.218,POLYMORPHIC
realign,Supercontig_1.3,1862964,G,T,0.303,POLYMORPHIC
realign,Supercontig_1.3,1862985,A,G,0.303,POLYMORPHIC
realign,Supercontig_1.3,1862992,C,T,0.305,POLYMORPHIC
realign,Supercontig_1.3,1863003,T,A,0.294,POLYMORPHIC
realign,Supercontig_1.3,1863007,G,C,0.322,POLYMORPHIC
realign,Supercontig_1.3,1863018,G,T,0.320,POLYMORPHIC
realign,Supercontig_1.3,1863090,T,C,0.273,POLYMORPHIC
realign,Supercontig_1.3,1863097,C,G,0.219,POLYMORPHIC
realign,Supercontig_1.3,1863100,A,G,0.242,POLYMORPHIC
realign,Supercontig_1.3,1863110,A,G,0.241,POLYMORPHIC
realign,Supercontig_1.3,1863458,T,A,0.276,POLYMORPHIC
realign,Supercontig_1.3,1863462,C,T,0.471,POLYMORPHIC
realign,Supercontig_1.3,1865478,T,C,0.619,POLYMORPHIC
realign,Supercontig_1.3,1871567,A,C,0.259,POLYMORPHIC
realign,Supercontig_1.3,1873105,C,A,0.325,POLYMORPHIC
realign,Supercontig_1.4,116949,C,T,0.298,TRIALLELIC
realign,Supercontig_1.4,154531,C,A,0.231,POLYMORPHIC
realign,Supercontig_1.4,260951,C,T,0.212,POLYMORPHIC
realign,Supercontig_1.4,273591,G,T,0.733,POLYMORPHIC
realign,Supercontig_1.4,273630,A,T,0.590,POLYMORPHIC
realign,Supercontig_1.4,273633,T,A,0.536,POLYMORPHIC
realign,Supercontig_1.4,273636,A,T,0.532,POLYMORPHIC
realign,Supercontig_1.4,273638,C,A,0.493,POLYMORPHIC
realign,Supercontig_1.4,273639,A,C,0.542,POLYMORPHIC
realign,Supercontig_1.4,273645,T,C,0.587,POLYMORPHIC
realign,Supercontig_1.4,273657,C,T,0.575,POLYMORPHIC
realign,Supercontig_1.4,314152,A,T,0.204,POLYMORPHIC
realign,Supercontig_1.4,403122,C,T,0.279,TRIALLELIC
realign,Supercontig_1.4,415475,G,A,0.270,POLYMORPHIC
realign,Supercontig_1.4,417053,T,G,0.472,POLYMORPHIC
realign,Supercontig_1.4,417821,A,G,0.284,POLYMORPHIC
realign,Supercontig_1.4,417929,T,G,0.352,POLYMORPHIC
realign,Supercontig_1.4,417953,C,T,0.319,POLYMORPHIC
realign,Supercontig_1.4,418592,A,C,0.662,POLYMORPHIC
realign,Supercontig_1.4,418594,A,G,0.698,POLYMORPHIC
realign,Supercontig_1.4,418616,A,G,0.773,POLYMORPHIC
realign,Supercontig_1.4,546805,G,A,0.519,POLYMORPHIC
realign,Supercontig_1.4,546815,G,A,0.351,POLYMORPHIC
realign,Supercontig_1.4,564067,A,T,0.205,POLYMORPHIC
realign,Supercontig_1.4,564106,C,A,0.289,POLYMORPHIC
realign,Supercontig_1.4,564148,C,A,0.333,POLYMORPHIC
realign,Supercontig_1.4,564244,T,A,0.292,POLYMORPHIC
realign,Supercontig_1.4,564286,T,A,0.231,POLYMORPHIC
realign,Supercontig_1.4,610316,G,A,0.250,POLYMORPHIC
realign,Supercontig_1.4,709143,G,A,0.438,POLYMORPHIC
realign,Supercontig_1.4,1037943,G,A,0.472,POLYMORPHIC
realign,Supercontig_1.4,1270732,G,A,0.370,POLYMORPHIC
realign,Supercontig_1.4,1534469,G,C,0.218,POLYMORPHIC
realign,Supercontig_1.4,1735582,G,T,0.234,POLYMORPHIC
realign,Supercontig_1.4,1741279,G,A,0.345,POLYMORPHIC
realign,Supercontig_1.4,1786976,G,A,0.240,POLYMORPHIC
realign,Supercontig_1.4,1786982,C,T,0.355,POLYMORPHIC
realign,Supercontig_1.4,1786988,C,T,0.223,POLYMORPHIC
realign,Supercontig_1.4,1787000,C,A,0.314,POLYMORPHIC
realign,Supercontig_1.4,1787022,T,A,0.206,POLYMORPHIC
realign,Supercontig_1.4,1787031,T,C,0.318,POLYMORPHIC
realign,Supercontig_1.4,1787043,G,A,0.273,POLYMORPHIC
realign,Supercontig_1.4,1787049,C,G,0.365,POLYMORPHIC
realign,Supercontig_1.4,1787062,G,A,0.477,POLYMORPHIC
realign,Supercontig_1.4,1787065,T,G,0.480,POLYMORPHIC
realign,Supercontig_1.4,1787068,A,G,0.452,POLYMORPHIC
realign,Supercontig_1.4,1787089,A,C,0.774,POLYMORPHIC
realign,Supercontig_1.4,1787093,A,G,0.532,POLYMORPHIC
realign,Supercontig_1.4,1787129,G,A,0.417,POLYMORPHIC
realign,Supercontig_1.5,570997,C,G,0.331,POLYMORPHIC
realign,Supercontig_1.5,571004,G,A,0.352,POLYMORPHIC
realign,Supercontig_1.5,571021,C,T,0.393,POLYMORPHIC
realign,Supercontig_1.5,571028,T,C,0.454,POLYMORPHIC
realign,Supercontig_1.5,571029,C,A,0.414,POLYMORPHIC
realign,Supercontig_1.5,571047,C,T,0.441,POLYMORPHIC
realign,Supercontig_1.5,571117,C,T,0.485,POLYMORPHIC
realign,Supercontig_1.5,571118,G,A,0.504,POLYMORPHIC
realign,Supercontig_1.5,571196,G,A,0.472,POLYMORPHIC
realign,Supercontig_1.5,571198,T,C,0.479,POLYMORPHIC
realign,Supercontig_1.5,571208,G,A,0.447,POLYMORPHIC
realign,Supercontig_1.5,571210,A,G,0.465,POLYMORPHIC
realign,Supercontig_1.5,571222,A,T,0.388,POLYMORPHIC
realign,Supercontig_1.5,571237,A,G,0.394,POLYMORPHIC
realign,Supercontig_1.5,571267,C,T,0.341,POLYMORPHIC
realign,Supercontig_1.5,571282,C,T,0.317,POLYMORPHIC
realign,Supercontig_1.5,767081,C,A,0.333,POLYMORPHIC
realign,Supercontig_1.5,810445,C,A,0.211,POLYMORPHIC
realign,Supercontig_1.5,812680,A,C,0.604,POLYMORPHIC
realign,Supercontig_1.5,812702,A,T,0.649,POLYMORPHIC
realign,Supercontig_1.5,812764,A,C,0.229,TRIALLELIC
realign,Supercontig_1.5,813040,C,T,0.239,POLYMORPHIC
realign,Supercontig_1.5,1124415,C,T,0.543,POLYMORPHIC
realign,Supercontig_1.5,1456118,C,A,0.254,POLYMORPHIC
realign,Supercontig_1.6,11267,C,T,0.299,POLYMORPHIC
realign,Supercontig_1.6,26905,G,T,0.281,POLYMORPHIC
realign,Supercontig_1.6,28237,G,T,0.300,POLYMORPHIC
realign,Supercontig_1.6,28240,G,T,0.220,POLYMORPHIC
realign,Supercontig_1.6,43790,T,A,0.237,POLYMORPHIC
realign,Supercontig_1.6,44210,C,A,0.261,POLYMORPHIC
realign,Supercontig_1.6,44273,C,A,0.254,POLYMORPHIC
realign,Supercontig_1.6,44309,G,T,0.267,POLYMORPHIC
realign,Supercontig_1.6,810496,T,A,0.459,POLYMORPHIC
realign,Supercontig_1.7,416,T,A,0.387,POLYMORPHIC
realign,Supercontig_1.7,130232,C,A,0.245,POLYMORPHIC
realign,Supercontig_1.7,165374,C,T,0.425,POLYMORPHIC
realign,Supercontig_1.7,165380,C,T,0.514,POLYMORPHIC
realign,Supercontig_1.7,204795,C,T,0.474,POLYMORPHIC
realign,Supercontig_1.7,204797,G,T,0.226,POLYMORPHIC
realign,Supercontig_1.7,290563,C,A,0.400,POLYMORPHIC
realign,Supercontig_1.7,438397,A,G,0.338,POLYMORPHIC
realign,Supercontig_1.7,438398,T,C,0.289,POLYMORPHIC
realign,Supercontig_1.7,438418,T,C,0.716,POLYMORPHIC
realign,Supercontig_1.7,526475,G,T,0.299,POLYMORPHIC
realign,Supercontig_1.7,675200,C,T,0.276,POLYMORPHIC
realign,Supercontig_1.7,755408,G,T,0.431,POLYMORPHIC
realign,Supercontig_1.7,755669,A,T,0.327,POLYMORPHIC
realign,Supercontig_1.7,755846,C,A,0.228,POLYMORPHIC
realign,Supercontig_1.7,756774,G,T,0.245,POLYMORPHIC
realign,Supercontig_1.7,757215,A,T,0.250,POLYMORPHIC
realign,Supercontig_1.7,757263,G,T,0.306,POLYMORPHIC
realign,Supercontig_1.7,758844,A,C,0.231,POLYMORPHIC
realign,Supercontig_1.7,759204,C,A,0.205,POLYMORPHIC
realign,Supercontig_1.7,759206,A,T,0.797,POLYMORPHIC
realign,Supercontig_1.7,759213,T,A,0.603,POLYMORPHIC
realign,Supercontig_1.7,759985,G,A,0.232,POLYMORPHIC
realign,Supercontig_1.7,761518,T,A,0.407,POLYMORPHIC
realign,Supercontig_1.7,768664,A,G,0.459,POLYMORPHIC
realign,Supercontig_1.7,770578,G,C,0.286,TRIALLELIC
realign,Supercontig_1.7,770636,T,C,0.231,POLYMORPHIC
realign,Supercontig_1.7,770733,T,A,0.393,POLYMORPHIC
realign,Supercontig_1.7,779071,T,C,0.250,POLYMORPHIC
realign,Supercontig_1.7,779135,G,A,0.270,POLYMORPHIC
realign,Supercontig_1.8,91730,G,T,0.219,POLYMORPHIC
realign,Supercontig_1.8,91739,G,T,0.296,POLYMORPHIC
realign,Supercontig_1.8,91748,G,T,0.281,POLYMORPHIC
realign,Supercontig_1.8,91757,G,T,0.302,POLYMORPHIC
realign,Supercontig_1.8,91766,G,T,0.263,POLYMORPHIC
realign,Supercontig_1.8,91775,G,T,0.298,POLYMORPHIC
realign,Supercontig_1.8,454544,A,T,0.221,POLYMORPHIC
realign,Supercontig_1.8,606370,C,G,0.474,POLYMORPHIC
realign,Supercontig_1.8,607187,T,C,0.364,POLYMORPHIC
realign,Supercontig_1.8,607961,A,C,0.475,POLYMORPHIC
realign,Supercontig_1.8,609540,C,T,0.282,POLYMORPHIC
realign,Supercontig_1.8,689454,T,C,0.304,POLYMORPHIC
realign,Supercontig_1.8,689502,T,A,0.613,POLYMORPHIC
realign,Supercontig_1.8,690365,C,A,0.300,POLYMORPHIC
realign,Supercontig_1.8,734757,A,G,0.313,POLYMORPHIC
realign,Supercontig_1.8,734808,T,C,0.337,POLYMORPHIC
realign,Supercontig_1.8,734811,T,C,0.337,POLYMORPHIC
realign,Supercontig_1.8,734812,C,A,0.333,POLYMORPHIC
realign,Supercontig_1.8,734842,C,A,0.390,POLYMORPHIC
realign,Supercontig_1.8,734872,T,A,0.404,POLYMORPHIC
realign,Supercontig_1.8,734889,G,A,0.450,POLYMORPHIC
realign,Supercontig_1.8,734906,A,C,0.444,POLYMORPHIC
realign,Supercontig_1.8,734912,A,C,0.473,POLYMORPHIC
realign,Supercontig_1.8,734956,A,T,0.505,POLYMORPHIC
realign,Supercontig_1.8,734977,G,C,0.519,POLYMORPHIC
realign,Supercontig_1.8,734988,T,C,0.508,POLYMORPHIC
realign,Supercontig_1.8,734991,C,T,0.494,POLYMORPHIC
realign,Supercontig_1.8,735017,G,A,0.496,POLYMORPHIC
realign,Supercontig_1.8,735022,A,T,0.509,POLYMORPHIC
realign,Supercontig_1.8,735112,T,C,0.504,POLYMORPHIC
realign,Supercontig_1.8,735171,C,T,0.497,POLYMORPHIC
realign,Supercontig_1.8,735272,T,C,0.516,POLYMORPHIC
realign,Supercontig_1.8,735285,C,T,0.536,POLYMORPHIC
realign,Supercontig_1.8,735301,T,C,0.508,POLYMORPHIC
realign,Supercontig_1.8,735305,A,G,0.517,POLYMORPHIC
realign,Supercontig_1.8,735317,C,T,0.507,POLYMORPHIC
realign,Supercontig_1.8,735387,T,A,0.530,POLYMORPHIC
realign,Supercontig_1.8,735412,T,C,0.517,POLYMORPHIC
realign,Supercontig_1.8,735414,T,C,0.516,POLYMORPHIC
realign,Supercontig_1.8,735460,A,G,0.457,POLYMORPHIC
realign,Supercontig_1.8,735461,G,A,0.444,POLYMORPHIC
realign,Supercontig_1.8,735541,G,T,0.500,POLYMORPHIC
realign,Supercontig_1.8,735556,A,G,0.492,POLYMORPHIC
realign,Supercontig_1.8,735588,G,C,0.468,POLYMORPHIC
realign,Supercontig_1.8,735736,G,A,0.360,POLYMORPHIC
realign,Supercontig_1.8,735783,T,A,0.347,POLYMORPHIC
realign,Supercontig_1.8,738209,T,A,0.257,POLYMORPHIC
realign,Supercontig_1.8,738230,T,A,0.289,POLYMORPHIC
realign,Supercontig_1.8,738410,T,A,0.503,POLYMORPHIC
realign,Supercontig_1.8,738414,C,T,0.650,POLYMORPHIC
realign,Supercontig_1.8,740837,G,C,0.667,POLYMORPHIC
realign,Supercontig_1.8,741578,A,G,0.290,POLYMORPHIC
realign,Supercontig_1.8,742718,T,C,0.412,POLYMORPHIC
realign,MT_CBS_6936,3214,T,A,0.212,POLYMORPHIC
realign,MT_CBS_6936,5222,A,T,0.471,POLYMORPHIC
realign,MT_CBS_6936,5231,T,C,0.554,POLYMORPHIC
realign,MT_CBS_6936,5410,G,C,0.611,POLYMORPHIC
realign,MT_CBS_6936,7337,A,T,0.325,POLYMORPHIC
realign,MT_CBS_6936,7347,A,T,0.600,POLYMORPHIC
realign,MT_CBS_6936,7425,C,T,0.545,POLYMORPHIC
realign,MT_CBS_6936,8302,A,G,0.780,POLYMORPHIC
realign,MT_CBS_6936,8305,G,T,0.582,POLYMORPHIC
realign,MT_CBS_6936,8362,A,T,0.435,POLYMORPHIC
realign,MT_CBS_6936,10200,T,G,0.725,POLYMORPHIC
realign,MT_CBS_6936,10208,A,T,0.632,POLYMORPHIC
realign,MT_CBS_6936,10214,G,A,0.685,POLYMORPHIC
realign,MT_CBS_6936,10219,T,G,0.691,POLYMORPHIC
realign,MT_CBS_6936,10220,T,G,0.658,POLYMORPHIC
realign,MT_CBS_6936,10259,T,A,0.212,POLYMORPHIC
realign,MT_CBS_6936,10279,G,T,0.653,POLYMORPHIC
realign,MT_CBS_6936,10291,T,A,0.672,POLYMORPHIC
realign,MT_CBS_6936,10296,A,G,0.653,POLYMORPHIC
realign,MT_CBS_6936,10301,G,T,0.645,POLYMORPHIC
realign,MT_CBS_6936,10302,G,T,0.645,POLYMORPHIC
realign,MT_CBS_6936,13101,C,T,0.267,POLYMORPHIC
realign,MT_CBS_6936,13121,T,C,0.526,POLYMORPHIC
realign,MT_CBS_6936,13129,G,A,0.653,POLYMORPHIC
realign,MT_CBS_6936,14654,C,T,0.420,POLYMORPHIC
realign,MT_CBS_6936,16911,A,T,0.611,POLYMORPHIC
realign,MT_CBS_6936,16976,A,T,0.540,POLYMORPHIC
realign,MT_CBS_6936,17189,A,C,0.529,POLYMORPHIC
realign,MT_CBS_6936,17297,G,T,0.357,POLYMORPHIC
realign,MT_CBS_6936,19104,T,C,0.778,POLYMORPHIC
realign,MT_CBS_6936,19112,A,G,0.741,POLYMORPHIC
realign,MT_CBS_6936,19129,C,A,0.753,POLYMORPHIC
realign,MT_CBS_6936,19133,A,T,0.242,POLYMORPHIC
realign,MT_CBS_6936,19135,T,C,0.257,POLYMORPHIC
realign,MT_CBS_6936,19137,T,G,0.250,POLYMORPHIC
realign,MT_CBS_6936,19141,T,C,0.604,POLYMORPHIC
realign,MT_CBS_6936,19168,A,T,0.620,POLYMORPHIC
realign,MT_CBS_6936,19170,A,T,0.739,POLYMORPHIC
realign,MT_CBS_6936,19261,T,G,0.229,POLYMORPHIC
realign,MT_CBS_6936,19262,A,T,0.239,POLYMORPHIC
realign,MT_CBS_6936,19263,C,A,0.250,POLYMORPHIC
realign,MT_CBS_6936,19269,T,G,0.338,POLYMORPHIC
realign,MT_CBS_6936,20266,C,G,0.328,POLYMORPHIC
realign,MT_CBS_6936,21653,C,A,0.268,POLYMORPHIC
realign,MT_CBS_6936,21688,T,A,0.613,POLYMORPHIC
